content_id,source,url,text,phases
ucob,りりーどーる (絶バハマクロ 全Phase - 新みんとっと/H3構成/拘束具逆▽/カータTLB/進軍十字/連撃V字/群竜TLB),https://na.finalfantasyxiv.com/lodestone/character/34120564/blog/5248067/,"# マクロ全文は著作権上の理由で抜粋のみ。完全版は Lodestone 原文を参照。
# 出典: https://na.finalfantasyxiv.com/lodestone/character/34120564/blog/5248067/
# 短縮URL: https://ffxiv.link/096666
#
# 構成 (見出しのみ):
#  【P1 ツインタニア】拘束具逆▽ / 磁力○×振り分け / 第7霊災ハッチ
#  【P2 ネール】コール戦 / カータTLB / サンダーストラック散開
#  【P3 プライム】進軍十字 / 黒炎 / 災厄 / 天地 / 連撃V字 / 群竜TLB
#  【P4 2体フェーズ】ツインタニア + ネール 同時処理 / HP同期
#  【P5 金バハ】モーン・アファー集合 / アクモーン無敵切替 / エクサフレア
#
# 流派名の意味:
#  新みんとっと  = 2024-09 以降の刷新版野良主流 (旧みんとっとからの差替)
#  H3構成        = ヒーラー 3 人構成 (旧 T3 構成からの変化)
#  拘束具逆▽    = P1 拘束具 (Liquid Hell) を逆三角形に置いて視認性向上
#  カータTLB     = P2 カータライズで タンク LB3
#  進軍十字      = P3 進軍の三重奏で十字配置
#  連撃V字       = P3 連撃の三重奏で V 字配置
#  群竜TLB       = P3 群竜の八重奏 (Grand Octet) で タンク LB3
","p1, p2, p3, p4, p5"
ucob,Mizore Fukiku 日記 - 絶バハマクロ修正版 (新みんとっと派生),https://na.finalfantasyxiv.com/lodestone/character/48995158/blog/5388500/,,"p1, p2, p3, p4, p5"
ucob,GitHub akitoki/FF14_docs - 絶バハ_マクロ.txt,https://github.com/akitoki/FF14_docs/blob/master/%E7%B5%B6%E3%83%90%E3%83%8F_%E3%83%9E%E3%82%AF%E3%83%AD.txt,,"p1, p2, p3, p4, p5"
ucob,あせろぐ - 絶バハムート討滅戦 攻略まとめ＆マーカー配置 (H3構成),https://asellog.com/bahamut-ultimate/,,"p1, p2, p3, p4, p5"
uwu,りりーどーる (P1-P3 共通 - 新みんとっと / 楔逆Z / ジェイル自滅),https://jp.finalfantasyxiv.com/lodestone/character/34120564/blog/5248065/,"/p 【覚醒バフ】BH＞D4＞D1
/p 【低気圧処理】ST＞STヒラD3D4＞D1＞D2
/p 【ミストラルソング】MT：B>A>C ST：D>C>A
/p 【メソハイ】【D】…D4　 【B】…MT
/p 【インシネレート】1回目：ST/2回目：MT
/p 【楔：逆Ｚ】楔①：D1/楔②：D2/楔③：D3/楔④：D4
/p 　　 　 　　　③　 ④
/p 　　↑ 　　　　　　　　　　↑
/p 　　D3　①　　　　　　②　D4
/p 【タイタン自殺ポイント】 重み２回目（ST/メレー/レンジ）
/p 【ジェイル位置】　　　　　 |【蘇生】
/p 　ボスD4 H1 H2　　　　 | H1⇒ST　H2⇒D1　D４⇒D2/D3
/p 　ランスラ斜めに誘導　　　 |
/p 【マウンテンバスター】1回目：MT/2回目：ST(orかばう)/3回目：MT
","p1, p2, p3"
uwu,りりーどーる (P4-P6 - 新みんとっと / 十字無視 / 3111 / 乱撃TLB),https://jp.finalfantasyxiv.com/lodestone/character/34120564/blog/5248065/,"/p ＝＝＝＝＝アルテマフェーズ＝＝＝＝＝
/p 【緑玉】1回目：MTSTD1/2~4回目：MT
/p 【爆撃Ｐメソハイ】1回目：D3/2回目：灼熱ヒラ
/p 【乱撃タンクLB3法】
/p 　　　　A
/p 　　 ST
/p 　D　 ★　 B　　※★はヒラ・DPS
/p 　　　　　MT
/p 　　　　C
/p 【フェザーレイン回避方向】★→A→D
/p 【ジェイル破壊】フェザーレイン回避時にターゲット可能。殴る。
/p 【エーテル波動】ST：LB1
/p 【紫玉】MT：AB間→AD間　ST：BC間　その他：CD間
/p 【三蛮神】
/p 　・ガル(A北→A→2)→イフ(2→3)→タコ(3→2.3間→3)
","p4, p5, p6"
uwu,あせろぐ (asellog) - 絶アルテマウェポン 攻略準備&マーカー配置 (3分割マクロ),https://asellog.com/uwu/,,"p1, p2, p3, p4, p5, p6"
uwu,もず (note) - 絶アルテマまとめ (みん学/楔逆Z/ジェイル自殺式/十字無視/3111/乱撃TLB),https://note.com/mozuzuzu/n/nd4fb5fff75ab,,"p1, p2, p3, p4, p5, p6"
tea,りりーどーる (P1 - ヤークト無視 / サイコロ1211),https://na.finalfantasyxiv.com/lodestone/character/34120564/blog/5274750/,"/p ヤークト無視法（水沼の頂点を北、無い方角を南）
/p 　 D3〇北　　　　　　｜D3：可視扇を誘導後、南で合流（ヤークトの円範囲に注意）
/p 　　　　　　　　　　　｜
/p 〇　　手　　〇　　　　｜
/p D4　 ST　　H1 　　　 ｜ST：手を中央へ誘導、パーにする
/p 　　　　　　　　　　　｜D4：不可視扇後、南で合流
/p 　　　人　　　　　　　｜
/p 　　MT・H2・D1・D2 ｜MT：人型を南へ誘導、手がパーになったら挑発して南へ誘導
/p ■サイコロ１２１１
/p 　東西スタートの場合、東側優先
",p1
tea,りりーどーる (P2 - 基本散開 / ナイサイ ヒラ先渡し / 水雷処理),https://na.finalfantasyxiv.com/lodestone/character/34120564/blog/5274750/,"/p ■基本散開　　　■カウント（調整DPS・ヒラは縦に並ぶ）
/p 　　　 MT　　　　西H1　西D3D4D2D1東
/p 　　D3　D1　　　　H2
/p 　H1　　　H2　■地雷
/p 　　D2　D4　　 　D3：5時　ST：6時
/p 　　　 ST　　　 ■スーパージャンプ誘導：D3
/p ■ナイサイ処理(ヒラ先渡し)
/p 　１,２回目　MTD1/STD2/H1D3/H2D4(1回目DPSが反時計で受け渡し)
/p 　３回目　　一列：(A｝MT・D1・D3・D4・D2・ST｛C)
/p 　　　　　　ヒラ先渡し・後DPS
/p 　４回目　　タンヒラが先に並ぶ（MT・H1・H2・ST｛氷）
/p ■水雷処理
/p 　1回目　水[4]：対象H・雷以外のDPS3人　 雷[北]：対象DPS・MT
/p 　2回目　水[2]：DPS４人　　　　　　　　 雷[北]：MT・H1
/p 　3回目　水[B]：水低下以外のDPS３人・ST　雷[D]：ヒラ2人
",p2
tea,りりーどーる (P3 - 時間停止 脳死法 / 時空潜航のマーチ / 次元断絶のマーチ),https://na.finalfantasyxiv.com/lodestone/character/34120564/blog/5274750/,"/p ■時間停止(脳死法)
/p 　無印→左側ロボ(TH上/DPS下)
/p 　緑線→右側ロボ(TH上/DPS下)
/p 　青線TH→左側　青線D→右側(チェイサー側は近づく)
/p 　雷→ジャスの側面
/p ■散開例
/p 　★ジャス左側＝＝＝＝＝＝＝＝＝＝＝＝＝
/p 　　　　　　TH無　　　 TH緑
/p 　TH青　　[ジャス]　　[チェイサー]DPS青
/p 　雷2人　　DPS無　　　DPS緑
/p 　★ジャス右側＝＝＝＝＝＝＝＝＝＝＝＝＝
/p 　　　　 TH無　　　 　TH緑
/p 　TH青[チェイサー]　　[ジャス]　　DPS青
/p 　　　　 DPS無　　　 DPS緑　　 雷2人
/p ●●時空潜航のマーチ●●
/p ■誘導・散開
/p 　ラピス：１→①　２→②　３→③　４→④
/p 　結晶：雰囲気
/p 　火炎放射：プライム側6人　中央MT　真心側ST
/p ●●次元断絶のマーチ●●
/p ■散開　　　　　　　　■カウント(マップ基準A北)
/p 　　◎　　　　◎　　　　北MTST　　H1H2南
/p 　　　①　　②　　　　　北←D1D2D3D4→南
/p 　⑤⑦　　　　⑥⑧　　 （ついてないDPSは抜ける）
/p 　　　③　　④
/p 　　　 プライム
/p 懴悔の順番：５６→７８→１２
",p3
tea,りりーどーる (P4 - 確定判決 / 未来観測 α/β),https://na.finalfantasyxiv.com/lodestone/character/34120564/blog/5274750/,"/p ■確定判決
/p 黄親→4/紫親→2/他６人→2左側
/p ・頭割り：TH北/DPS南
/p ・散開：MT ST
/p 　　　　H1 ･ H2
/p 　　 D3 D1 D2 D4
/p ■未来観測α
/p [ボス側安置]　名誉罰
/p [対面側安置]左：集団罰＋他　　右：加重罰
/p ■未来観測β
/p 接触保護（黄親）：北寄りの北西
/p 接触禁止（黄子）：2左上
/p 逃亡観察（紫親）：2
/p 逃亡禁止（紫子/緑線）：2左上
/p 逃亡禁止（紫子/無職）：2左横
/p 逃亡禁止（紫子/青線）：2左下
/p ・頭割り：黄北/紫南
",p4
tea,ふうcだよ FF14情報サイト - 絶アレキサンダー討滅戦 カンペ集 (野良主流処理法),https://fuucdayo.com/battle/4046/,,"p1, p2, p3, p4"
tea,ふうcだよ FF14情報サイト - 絶アレキサンダー ヤークト完全無視処理法,https://fuucdayo.com/battle/3685/,,"p1, p2, p3, p4"
p1s,Game8 (ゲームエイト) - 辺獄編零式1層 ペア調整版,https://game8.jp/ff14/421207,"/p 【基本散開/氷火の侵食】
/p 　　D3　 MT　 D4
/p 　　H1 　 ■ 　 H2
/p 　　D1 　 ST 　D2
/p ※MT/D3が調整役 → 2回目で属性を必ず変更し3回目で調整
/p 　【結呪の魔鎖】　 ｜　　【結呪の魔鎖四連】
/p 　　D3　 　 　D4　｜　　遠18　　　　遠3
/p 　　 　 　MT 　 　 ｜　　　 　 　 近3
/p 　　 　 H1■H2　　｜　　　 近18■近8
/p 　　　 　 ST　　　 ｜　　　　 　 近13
/p 　　D1　 　　 D2　｜　　遠13　　　　遠8
/p 結呪調整ペア MTD4 / H2D2 / STD1 / H1D3 マーカー色基準
/p ※紫色：秒数短い順にABCDマーカー
/p ※赤色：秒数短い順に1234マーカー
/p 【時限の魔鎖】対象者は光、他は火
",p1
p2s,Game8 (ゲームエイト) - 辺獄編零式2層 基本散開版,https://game8.jp/ff14/365105,"/p 【ショックウェーブ・頭割り】
/p MT H1 D1 D2 (ボス下）
/p ST H2 D3 D4（通路）
/p 【チャネリングフロウ・十字】
/p 　　　TH↓DPS
/p 　DPS　　　　←TH
/p 　TH→　　　　DPS
/p 　　　DPS↑TH
/p 【多重刻印1回目】
/p ←T　頭割り　DPS→
/p 【多重刻印2回目】
/p T：角　DPS：内側
/p 【カンペオスハルマ】
/p 青サイコロ：1・3→ボス対角　2・4→ボス下
/p 紫サイコロ：数字マーカー基準
",p1
p3s,Game8 (ゲームエイト) - 辺獄編零式3層 前半フェーズ用,https://game8.jp/ff14/421350,"/p 【4:4分け（雑魚/霊泉）】
/p MT組：MTH1D1D3　ST組：STH2D2D4
/p 【闇の炎設置ペア：X字】
/p 　D3/MT ① D4/ST
/p 　 　 ④　□　②
/p 　D1/H1 ③ D2/H2
/p ※サイコロ数字マーカー、時計回りに炎を倒す
/p 【十字走火】大玉/小玉：基本北西　※北東方面に出た場合北東
/p 【突進：中央散開】ボスからMT/D3→H1/D1→H2/D2→ST/D4
/p 【突進：左右散開】←TH　DPS→ ※縦の並びは中央散開
/p 【雑魚誘導】MT組：北→西 　ST組：東→南
/p 【雑魚突進】
/p 線2本：繋がってる鳥の対角の時計回り
/p 線1本：繋がってるペアの対角
",p1
p3s,Game8 (ゲームエイト) - 辺獄編零式3層 後半フェーズ用,https://game8.jp/ff14/421350,"/p 【魔力錬成：闇（辺獄の炎嵐以外）】
/p 近接組(MTSTD1D2)：北安置　遠隔組(H1H2D3D4)：南安置
/p 【霊泉フェーズ：ハピおじ】
/p 塔踏みAOEスタート場所：MT組→北/西　ST組→南/東
/p ※時計回り塔踏みとAOEを設置
/p AoEペア：MT/ST → D1/D2 → D3/D4
/p 【辺獄2回目散開】
/p 　　 　　〇H2
/p 　 　 MT 　 ST
/p D3　 　 ボス　 　 H1
/p 〇 　D1 D4 D2　〇
/p 【辺獄黒竜巻ノックバック】
/p 　　 　黒竜巻
/p ←近接 　　　 遠隔→
",p2
p3s,Game8 (ゲームエイト) - 辺獄編零式3層 黒玉散開マクロ,https://game8.jp/ff14/421350,"/p 【赤小玉→黒小玉】　【赤大玉→黒小玉】
/p 　 　MT　ST　　　　 D1　MT　D2　ST
/p 　　　 ★　 　　 　　 　　　 ★
/p 　 　D1　 D2
/p 　　 　中央
/p 　 　H1　H2　　　　D3　H1　H2　D4
/p 　D3 　 　 　D4
/p ↑辺獄1回目ピザ後も【赤小玉→黒小玉】の並びで散開
/p 【辺獄中ピザカット避け】
/p ピザ3番目待機→1番目に退避→その場で頭割りor散開
/p 【辺獄中のノックバック後散開】
/p 　　　　　〇
/p ST　D2 　★　 H2　D4
/p 　〇 　D1　 H1　〇
/p 　　MT　　　　D3
",p2
p4s,Game8 (ゲームエイト) - 辺獄編零式4層前半 YPP 式,https://game8.jp/ff14/421733,"/p 【基本散開】　　　　　【毒線YPP式】
/p 　D3MTD4　　　　　TH：北　DPS：南
/p 　H1 ◯ H2
/p 　D1 ST D2　※塔線時計回り/線ぐるぐる
/p 【ピナクス炎：頭割り】　【ピナクス炎：シフト後頭割り】
/p 　MTH1 ● STH2　 　　敵正面：MTH1D1D3
/p 　D1D3 　 D2D4　　　敵背面：STH2D2D4
/p 【ピナクス毒：散開】　　【ピナクス毒：シフト後散開】
/p 　 MT　●　 ST　　　　　 　MT
/p 　 　D1　 D2　　　　 　 D1 〇 D2　　 ※MTは中央へ誘導
/p 　D3H1　H2D4　 　　　　 ST　※遠隔は適時外周寄りに散開
/p 【緑玉脳死・十字】
/p 　STMTH2　※MTH2→D3　STH1→D4
/p 　H1 ● D4　　 D1D3→MT　D2D4→H1
/p 　D1D3D2　　上記の玉を取って時計回り
",p1
p4s,Game8 (ゲームエイト) - 辺獄編零式4層後半 犬丸式 (序幕〜第三幕),https://game8.jp/ff14/422515,"/p ―《序幕》――――――――――――――――――
/p 　D3　　　　　D4
/p 　　MT　　　ST
/p 　　　　ボス
/p 　　D1　　　D2
/p 　H1　　　　　H2
/p ―《第二幕》―――――――――――――――――
/p 1番目にTダージャは北西、Hダージャは南東で切る
/p エアロガは北西、Dファイガ南東
/p DPSファイガ移動:時計回りD1D2D3D4反時計回り
/p ―《第三幕(犬丸式)》―――――――――――――
/p 　　D3　　　D3　 　　アースシェイカー誘導
/p 　H1　　●　　H1　→ 　ST　　　　ST
/p 　H2　　　　　H2　　D1 ● その他　● D1
/p 　　D4　　　D4　　　　 D2　　　　D2
",p2
p4s,Game8 (ゲームエイト) - 辺獄編零式4層後半 犬丸式 (第四幕〜カーテンコール),https://game8.jp/ff14/422515,"/p ―《第四幕》――――――――――――――――
/p ①ウォタガは塔の対角の１つ時計回り側で切る
/p 　ダージャは自分の塔の時計回り側の塔を踏む
/p ②南西集合し北のダージャから【時計回り】処理
/p ―《終幕》―――――――――――――――――
/p ●ボス基準散開
/p 　D3　D1　　　ST　H2
/p 　　 塔　【ボス】 塔
/p 　D4　D2　　　MT　H1
/p ―《カーテンコール》――――――――――――
/p 　THは6秒で切りに行く
/p 　Dは11秒で切りに行く
/p 　（メモ：13/23/33/43）
",p2
dsr,りりーどーる (P1 - 教皇庁① / MTアデル STグリノー / 線ST無敵 / 沈黙 MT→レンジ→MT),https://ffxiv.link/088010,"/p 【教皇庁①】
/p ｜■MTアデル／STグリノー
/p ｜開幕アデルへバースト　線ST無敵
/p ｜■ハイパーディメンション：北捨て→南捨て
/p ｜■沈黙　MT→レンジ→MT
/p ｜■プレステ　※北基準
/p ｜　H△　T×　 T□
/p ｜　D〇　　 　 D〇　※◯： 西 D1>D2>D3>D4 東
/p ｜　D□　H×　D△
/p ｜■光翼閃（H→D12→D34→T）
/p ｜オ　　　　　　　パッセ
/p ｜ル　　 (MT組) シャリベル (ST組)
/p ｜シ　　 　捨　　　安置　　　捨
/p ｜ュ (H1H2)(D34) 　 (MTST)(D12)
/p ｜ファン　※安置横にペア捨て（重ねる）
",p1
dsr,りりーどーる (P2 - トールダン / 雷槍 / スカイワードリープ / 聖杖ゼフィラン基準),https://ffxiv.link/088010,"/p 【トールダン】
/p ｜■雷槍
/p ｜　MT組 D-1　　　ST組 B-3
/p ｜　　／ H1 ＼　　　／ H2 ＼
/p ｜　／D1MTD3＼　／D2STD4 ＼
/p ｜■スカイワードリープ
/p ｜　　 トールダン　※無職：軽く塔踏み事前散開
/p ｜　　MT 無 ST　 ※青玉：雰囲気散開
/p ｜　青　★　★　青
/p ｜　　　　青
/p ｜■聖杖（前半）ゼフィラン基準
/p ｜　※ペア調整 (MTST/H1H2/D1D2/D3D4)
/p ｜　剣1+MT組→ゼフィランの対角
/p ｜　剣2+ST組→ゼフィランの後ろ
",p2
dsr,りりーどーる (P3 - ニーズヘッグ / ①②③イル↓D・スパ↑B固定 / 4塔近接調整),https://ffxiv.link/088010,"/p 【ニーズヘッグ】
/p ｜■サイコロ
/p ｜　　　　 A　　　※①②③イル↓D・スパ↑B固定
/p ｜　　　 ②　②　　※②③は北でアピール
/p ｜　　　③ ③ ③
/p ｜↓D ①　 ボス　① B↑
/p ｜　　　　 ①
/p ｜　　　　 C
/p ｜■4塔(近接調整)
/p ｜　D3/MT　　ST/D4　※遠隔位置固定＆ゲイル誘導
/p ｜　　　　 ボス　　　　※調整優先度：時計回り＞反時計＞対角
/p ｜　H1/D1　　D2/H2 ※タンク強攻撃：ボス下MT/分身下ST
/p ｜　　　　　　　　　　 ※タンク強着弾後バースト（AA【南】向き）
",p3
dsr,りりーどーる (P4 - 竜の邪眼 / 近接青眼寄せ / ミラージュダイブ青眼集合),https://ffxiv.link/088010,"/p 【竜の邪眼】※近接青眼寄せ
/p ｜■玉取り
/p ｜　　　 MT　　　 　ST　　　 赤⇒D1D2D3D4
/p ｜ (青眼) D1　調整　 D3 (赤眼)　青⇒MTSTH1H2
/p ｜　　　 D2　 ｴﾘｱ 　D4　　　　 色変更：中央でデバフ入れ替え
/p ｜　　　 H1　　 　　H2
/p ｜ 黄玉：DPS／青玉：TH　※黄玉後：邪眼南北で受け渡し
/p ｜■ミラージュダイブ（青眼集合）
/p ｜　①赤MT　　②赤ST
/p ｜　 　 　　青
/p ｜　④赤H1　　③赤H2
/p ｜ 交代順(①②③④優先順位)
/p ｜ 1回目：①D1＞D2④
/p ｜ 2回目：①D3＞D4④
/p ｜ 3回目⇒1回目対象者①MT>ST>H2>H1④
",p4
dsr,りりーどーる (P4-2 - 教皇庁❷ / タンクLB3 / 光翼閃②),https://ffxiv.link/088010,"/p 【教皇庁❷】TLB以外①と同じ
/p ｜※シャリベルHP29%で火力温存
/p ｜タンクLB3
/p ｜■光翼閃（H→D12→D34→T）
/p ｜オ　　　　　　　パッセ
/p ｜ル　　 (MT組) シャリベル (ST組)
/p ｜シ　　 　捨　　　安置　　　捨
/p ｜ュ (H1H2)(D34) 　 (MTST)(D12)
/p ｜ファン　※安置横にペア捨て（重ねる）
",p4
dsr,りりーどーる (P5 - 儀典トールダン / 風槍 / 死刻こまぞう式改),https://ffxiv.link/088010,"/p 【儀典トールダン】
/p ｜■風槍
/p ｜　　騎　竜　騎
/p ｜（以下マクロ全文は著作権上の理由で抜粋のみ）
/p ｜■死刻 こまぞう式改 (アニメ解説: ぬけまる YouTube)
/p ｜　D4>D3>D2>D1>ST>MT>H1>H2 の散開優先度
/p ｜　北西→南東に斜め8人並び、ゲリック出現位置を北として認識
/p ｜　死の宣告解放点を固定、ツイスター直線移動処理
",p5
dsr,りりーどーる (P6 - 二天竜 / おこめ式息吹1 / 脳死息吹2 / 南三角),https://ffxiv.link/088010,"/p 【二天竜】
/p ｜ニーズ：MTH1D1D3／フレース：STH2D2D4
/p ｜■息吹１回目（おこめ式）
/p ｜　　　　　 T
/p ｜ニーズ　　 　　フレース　※調整：H2 D2 D3
/p ｜　　　 D1/D2
/p ｜
/p ｜　 H1/D3　　D4/H2
/p ｜ーーーーーーーーーーーー
/p ｜※息吹1回目後：DPSは散開／THは中央へ
/p ｜■滅殺の誓い（受け渡し順）
/p ｜DPS→MT→ST→近接(D1優先)→D3
/p ｜■邪念の炎
/p ｜　　 ←MTSTD1D2D3D4H1H2→
/p ｜ニーズ　白+(無)/白+(無)/紫/紫/紫/紫 フレース
/p ｜
/p ｜■息吹2回目（脳死）
/p ｜　　　　　A
/p ｜　　　　 H1　D4
/p ｜　MT
/p ｜　　　　　　D2
/p ｜ニーズ（頭割り）フレース
/p ｜　　　D1
/p ｜　　　　　　　　　ST
/p ｜　　D3　 H2
/p ｜　　　　　C
/p ｜■カータライズ
/p ｜　MT　ST　→タッチダウンA集合
/p ｜　 その他 　　 滅殺持ち近接とD3はAに残る
",p6
dsr,りりーどーる (P7 - 騎竜神トールダン最終 / アクモーン2回目TLB3),https://ffxiv.link/088010,"/p 【最終フェーズ】※アクモーン2回目TLB3
/p ｜■エクサフレア
/p ｜（以下マクロ全文は著作権上の理由で抜粋のみ）
/p ｜■トリニティ AA 受け順
/p ｜　エクサ後→H1/H2 / アクモーン後→D1/D2 / ギガ後→D3/D4
/p ｜■アクモーン
/p ｜　1回目: 受け / 2回目: TLB3
/p ｜■ギガフレア
/p ｜　1発目予兆→対角移動→着弾後直線スプリント
",p7
dsr,ふうcだよ FF14情報サイト - 絶竜詩戦争 カンペ集,https://fuucdayo.com/battle/3414/,,"p1, p2, p3, p4, p5, p6, p7"
p5s,Game8 (ゲームエイト) - 煉獄編零式1層 ぬけまる式 マクロVer2,https://game8.jp/ff14/464675,"/p 【基本散開】　　　【十字毒塔】STフリー
/p D3 MT D4　　　　　　MT(無敵)
/p H1　　H2　　　H1D3　　 H2D4
/p D1 ST D2　　　　　　 D1D2
/p 【毒塔（近接内側 / 遠隔外側）】
/p MTST / H1D3：12時から反時計回り
/p D1D2 / H2D4：1時から時計回り
/p 【ベノムサージ(東西受け)/スプラッシュ】
/p 西/内壁：MTH1D1D3 東/外壁：STH2D2D4
/p 【毒沼 + ベノムスコール】
/p 　　毒D1H1D3外
/p 　　　　MT
/p 　　　　☆
/p 　　　　ST
/p 　外D4H2D2毒　※毒が逆位置の場合反転
/p MT組：マーカー1or4に出た毒に合わせて移動
/p ST組：マーカー2or3に出た毒に合わせて移動
/p AOEは外周に捨ててMT/STの位置で頭割り
/p 【4部屋ベノムスプラッシュ：3個部屋の対角】
",p1
p6s,Game8 (ゲームエイト) - 煉獄編零式2層 ぬけまる式 マクロVer1,https://game8.jp/ff14/479307,"/p ※MT組：MTH1D1D3 ST組：STH2D2D4
/p 　【基本散開】　　【カヘキシー1回目】
/p MT/D3　ST/D4 　 　 8　　 　 　8
/p 　　 　 ★　　 　 　12　20 ★ 20　12
/p H1/D1　H2/D2　　16 　 　 　 16
/p 【 頭割り+扇範囲 】｜ 【4：4頭割り】
/p 西：MT組 東：ST組｜西側→MT組 東側→ST組
/p ※時計回りで頭割り｜※内周4マスを使用
/p 【サイコロ】　　 　｜【チェンジバースト2回目】
/p 西：奇数　　　　　｜西→T・H 東→DPS
/p 東：偶数　　　　　｜※AOEも上記方向に捨てる
/p 【カヘキシー2回目】
/p 西：紫デバフ　東：緑デバフ
/p 北・南外周マス→AoE　内周マス→頭割り
",p1
p7s,Game8 (ゲームエイト) - 煉獄編零式3層 ぬけまる式 マクロVer1.5,https://game8.jp/ff14/479465,"/p MT組：MTH1D1D3　ST組：STH2D2D4
/p 　【基本散開】　　　　　【ノックバック+鳥】
/p MT/D1　ST/D2　　　　 D1　　 　 　 D2
/p 　　 　 ★　　　　　　D3　 MT　 　ST　 D4
/p H1/D3　H2/D4　　　　通路 　 　 　 通路
/p 　　　　　　　　　　　H1　　　　　　　H2
/p 【生命の果実：頭割り】　│【魔印創成：散開】
/p 北側：MT組　南側：ST組 │基本散開※頭割りと被ったら通路
/p 【エクサ+頭割り】　 　 　 │【鳥誘導＋塔】
/p 西：MT組　東：ST組　　 │基本散開準拠でズレたら時計回り
/p 【魔印創成：獄】
/p 　 ▼西島▼　　　　　　　 　 ▼東島▼
/p 頭割り　MT/D1 　 　 　 MT/D1　頭割り
/p ST/D2　H2/D4　通路　H2/D4　ST/D2
/p 　　　　H1/D3　 　　　H1/D3
",p1
p8s,Game8 (ゲームエイト) - 煉獄編零式4層前半 ぬけまる式 マクロVer1,https://game8.jp/ff14/480095,"/p ■テトラオクタ/誘導/蛇2　 ■基本散開
/p 　MT/D3　→　ST/D4　　　D3 MT D4
/p 　　↑　　 ☆　　↓　 　　　H1(H2) ST
/p 　H1/D1　←　H2/D2 　　D1 H2 D2
/p ■イントゥシャドウ(1回目)
/p 　蛇：北から時計回りMTD1>STD2>H1D3>H2D4
/p ■フェイタルストンプ
/p 　1,3回目→1(北西)　2,4回目→中央　待機→A(北)
/p ■幻影創造
/p ◎竜竜×散開　　　　 │◎フェニ×散開
/p 　　　　D3　　　 　 │　D3 MT D4
/p 　　　　MT　ST　D4│　H1 ☆ ST
/p 　　H1 D1　D2　　 │　D1 H2 D2
/p 　　　　　　 H2　　 │
/p ■四重炎嵐(縦横) ｜■四重炎嵐(角)
/p 　　　 MT　　　│　　中央　※MT組：西優先
/p 　 D1 ST D2 　　｜T　近
/p 　D3 H1 H2 D4 │遠　H
/p ◎頭割り：近H位置(MTD1/STD2/H1D3/H2D4)
/p ■イントゥシャドウ(2回目) 4:4頭割り
/p 　デバフ持ち：北西>MT/D1>ST/D2>H1/D3>H2/D4>南東
/p 　無職：北西TH/南東DPS
/p ■テトラ/ディフレア
/p 　テトラ：(ボス)MT/D1>ST/D2>H1/D3>H2/D4
/p 　ディフレア：(ボス)MTH1D1D2>STH2D3D4
",p1
p8s,Game8 (ゲームエイト) - 煉獄編零式4層後半 ぬけまる式 マクロVer1 (術式 + 概念1回目),https://game8.jp/ff14/480771,"/p 【術式1回目(頭割は西)】【術式炎氷(TH西 DPS東) 】
/p 　 　★　　　紫 　 ST│ ▼炎:中央前詰め　▼氷誘導
/p D1 MT D2　　 MT　│ MT>ST >H1>H2 西 D1>ST
/p H1　　H2　H1　D2│ D1>D2>D3>D4 東MT>D2
/p D3 S T D4　 　 D1　│【術式2回目散開 】
/p ※左安置は　H2　D3│　STMT 紫 D3D1
/p 　左右反転→　 D4 　│　　 H1H2D4D2
/p 【概念1回目①】　　【概念1回目②】
/p 　　　　早α　　 　 │　　　遅α
/p 複/遅α　　　　　　│
/p 　　　　　　 早β 　│ 生物　　　　遅β
/p 重/遅βγ　　　　　 │
/p 　　　　早γ　　 　 │　　　遅γ
/p ※4塔：遅αβγ→北で合成
/p 　 　 　 複/重/早余り→南で合成
",p2
p8s,Game8 (ゲームエイト) - 煉獄編零式4層後半 ぬけまる式 マクロVer1 (万象灰燼 + 概念2回目 + 支配者),https://game8.jp/ff14/480771,"/p 【万象灰燼：はいじあ/ビジョン式】
/p 　　MT　　D1
/p ST　 +　　　+　D2　※1,3番塔は前+で範囲捨て
/p H1　+　　　+　D3　※2,4番塔は後+で範囲捨て
/p 　 　H2　　D4
/p 【概念2回目①】 　 　【概念2回目②】
/p 　　 無/早α　　　 │　　　　遅α
/p 単　　　　　 　 　 │ 生物
/p 　　　　　　早β　│ ｲﾌ ｲﾌ　　　　遅β
/p 複/遅　　　　　　 │ 生物
/p 　　　 早γ 　　 　 │　　　　遅γ
/p ※4塔：遅αβ→北で合成　遅γ/早余り→南で合成
/p 【支配者の一撃】　　　　　【塔優先度】
/p 　MTH1 D3 D1　西>MTSTH1H2D4D3D2D1>東
/p 　ST H2 D4 D2
",p2
top,りりーどーる (P1 - サークルプログラム / パンクラ / 波動砲T無敵),https://na.finalfantasyxiv.com/lodestone/character/34120564/blog/5178791/,"/p 【サークルプログラム】(南集合)
/p 塔ふみ/線とり/線捨て
/p 北(11.5時)から時計＞H1MTSTD1D2D3D4H2
/p 【パンクラ】
/p 北(東) >H1MTSTD1D2D3D4H2> 南(西)
/p ※東西はACが綺麗に潰れたときのみ使用
/p ミサイル：前方　頭割：後方
/p ※ミサイルを捨てに行くときは内周を通り、戻るときは外周から合流する
/p 【波動砲T無敵】※7方向散開
/p 　　　　　　MTST
/p 　D3　　　　　　　　　　D4
/p 　　　D1　H1　H2　D2
",p1
top,りりーどーる (P2 - 連携プログラム / プレステ / 4:4 吹き飛ばし / シールドバッシュ&フレア),https://na.finalfantasyxiv.com/lodestone/character/34120564/blog/5178791/,"/p 【連携プログラムPT】
/p ※調整優先度：全て下から調整
/p 左組　　　右組
/p H1　　 　 H2
/p MT 男　女 ST
/p D1　　　 D2
/p D3　　 　 D4
/p 【プレステ】※ファーは右組が調整
/p ミドル ファー
/p ○ ○ I ○ □
/p × × I × △
/p △ △ I △ ×
/p □ □ I □ ○
/p 【4:4 吹き飛ばし】
/p 男三人基準　西：左組　南or東：右組(右組が調整役）
/p 【 連携プログラムLB】
/p ◆線取り：MT→西(A含)　ST→東(C含)
/p 　処理は時計回り
/p ◆弓LB誘導：全員でボス南誘導
/p 【シールドバッシュ ＆ フレア】
/p 　　　　　 盾
/p 　　　MT　　ST
/p 　　　　　 他(中央集合)
/p 頭割り：中央で盾誘導以外7人
",p2
top,りりーどーる (P3 - コロッサスブロー / ハローワールド / 検知式波動砲・優先TDH),https://na.finalfantasyxiv.com/lodestone/character/34120564/blog/5178791/,"/p 【コロッサスブロー】
/p ❶①>H1MTSTD1D2D3D4H2>②❹
/p 　　①　　②　 　白＋無職：①②
/p 　❶　 ★ 　❹ 　紫：❶❷❸❹
/p 　　 ❷　❸
/p 【ハローワールド】
/p 塔組外側/線組内側ルートで移動
/p 塔　　　：早い者勝ち
/p 受け渡し：貰いに行く
/p 線処理　：ファー　→　ニアー
/p ４回目　：ニアー　→　ファー
/p 【検知式波動砲】※優先TDH
/p 優先順位：①❶＞MTSTD1234H12＞❸⑤
/p 　　　　　①Ａ
/p 　　←❶
/p 　↑　４　　　　　１
/p 　❷　　　　　≫
/p 　Ｄ　　　　★≫②　　Ｂ③
/p 　❸　　　　　≫
/p 　↓　３　④　　　２
/p
/p 　　　　　⑤Ｃ
/p ※ボス検知逆の場合左右反転
/p ※AC縦列(①④⑤)はボスモニターの無い方へ
",p3
top,りりーどーる (P4 - 波動砲 / 下調整 / D1D2人数調整),https://na.finalfantasyxiv.com/lodestone/character/34120564/blog/5178791/,"/p 【P4 波動砲】
/p 　 MT ST
/p 　(D)D3 ★ D4(B)
/p 　 H1 H2
/p 　 (3)D1 D2(2)
/p 　　　 頭(C)頭
/p ※頭割り：下調整　人数調整：D1D2
",p4
top,りりーどーる (P5 デルタ - ハムカツ式 / ロケパン内側調整 / ハロワ散開),https://na.finalfantasyxiv.com/lodestone/character/34120564/blog/5178791/,"/p ◆コード： ＊＊＊ミ＊【デルタ】
/p 【ロケパン】場所は早い者勝ち
/p ❶❷：ニア/①②：ファー
/p (目)
/p 　 ① ❷ ❶　　　■線切りのタイミング
/p 　② ｜ ｜ ｜　　　①→ロケパンAOE重ねる直前
/p ﾑｼ｜ ｜ ｜ ｜ﾌｧｲﾅﾙ ②→アーム誘導移動時
/p 　② ｜ ｜ ｜　　　❶→検知デバフが消えたら
/p ① ❷ ❶　　　❷→全て処理後デバフが消えたら
/p ロケパン：内側調整
/p 【アーム＆バッシュ誘導】
/p ②ﾌｧｰ　　❷ﾆｱ　　❶ﾆｱ　　■アーム
/p 　｜　　　　｜①　　｜　　ニア+外側ファー6名
/p 　｜　　　①｜　　　｜　　■バッシュ
/p ②ﾌｧｰ　　❷ﾆｱ　　❶ﾆｱ　　内側ファー2名
/p 【ハロワ散開】
/p Ｙ虫オメガ ＝＝＝＝＝＝＝＝＝＝＝＝＝＝＝＝Ｙ
/p 　❷ﾆｱ(内) 　　＝＝＝＝＝＝＝＝＝＝＝＝＝＝
/p 　　　　　　　　　　　◆　　　＝＝＝＝＝＝
/p 　 ﾊﾛﾜﾌｧｰ 　　　　ﾊﾛﾜﾆｱ　　　　　　　❷
/p 　　　★　　　　　　　　　　　　 　　ﾆｱ(内)
/p 　　Ｙ　　　　　元ﾌｧｰ　　　　　　　　　Ｙ
/p 　　　　　　　　 〇　元ﾌｧｰ　　　❶❶
/p 　　　　　　　　　　　〇　　　元ﾆｱ(外)
/p 　　　　　　　　　　　Ｙ
",p5
top,りりーどーる (P5 シグマ - りょんめ式 塔Wingwan),https://na.finalfantasyxiv.com/lodestone/character/34120564/blog/5178791/,"/p ◆コード： ＊＊＊ミ＊【シグマ】
/p # 要手動補完: 塔Wingwan のマーカー配置 (A B C D / 1 2 3 4)、
/p # シールドバッシュ&シールドプロジェクション処理、
/p # シノニム/不可侵領域処理、ハロワ散開を Lodestone 原文から補記すること。
/p # 出典: https://na.finalfantasyxiv.com/lodestone/character/34120564/blog/5178791/
",p5
top,りりーどーる (P5 オメガ - ぬけまる式 / ボス検知＆虫オメガ北基準),https://na.finalfantasyxiv.com/lodestone/character/34120564/blog/5178791/,"/p ◆コード： ＊＊＊ミ＊【オメガ】
/p [オメガM] ｜　②無　❶左　　①無
/p 　〇　〇　｜
/p 　×　×　｜　❷左　　　　　❷右
/p 　△　△　｜
/p 　□　□　｜　①　　❶右　　②
/p ※Mに近い順で2人ﾏｰｶｰﾍﾟｱ：❶❷/無職ﾍﾟｱ：①②
/p 【塔踏み】塔の多いほうを北として
/p 散開時の自分のマーカー位置の塔に入る
/p A B
/p ①　 ②
/p D C
/p ③　④
/p ①②担当は２人用の塔に入る
/p ※オメガF基準　　　 l①~④ｱﾀｯｸﾏｰｶｰ
/p 　　①　　　②　　　l無職or⑤
/p 　　　　　　　　　　l★ハロワファー
/p ③　　　　★　　④　l◆ハロワニア
/p 　　　　　　　　　　l北組①②③★
/p 　　　　◆　　　　　l南組④⑤無◆★
/p 　　　⑤　無　　　　l③④★は回転方向で左右反転あり
/p 【オメガ】ボス検知＆虫オメガ北基準
/p 　　 ① 　② 　　　lマーカー付与
/p 　　　　　　　　　　l1回目：II+ﾃﾞｭﾅﾐｽ2>ﾃﾞｭﾅﾐｽ2>ﾃﾞｭﾅﾐｽ1
/p ③　　　　　★　④　l2回目：ﾃﾞｭﾅﾐｽ3＞ﾃﾞｭﾅﾐｽ2
/p 　　　　　　　　　　l★ハロワファー
/p 　　　　◆　　　　　l◆ハロワニア
/p 　　　無　無　　　　l
",p5
top,りりーどーる (P6 アルファオメガ - コスモメモリー / 波動砲 / コスモメテオ / マジックナンバー),https://na.finalfantasyxiv.com/lodestone/character/34120564/blog/5178791/,"/p 【コスモメモリー】LB3：ST
/p 【AA】MT北内　ST東外　他南西内
/p 【コスモダイブ1回目】
/p MT北内　ST東内　他南西外
/p 【1回目波動砲:リミッターカット】
/p 中央集合→1回目エクサフレア安置側マーカーに向かってAoE捨て
/p 【波動砲1･2回目】頭割りC集合
/p ■ペア散開
/p MTD3　　H2D4
/p H1D1　　STD2
/p ■8方向
/p Ｄ３　ＭＴ　Ｄ４
/p Ｈ１　　　　Ｈ２
/p Ｄ１　ＳＴ　Ｄ２
/p 【2回目波動砲:リミッターカット→コスモダイブ】
/p 6個目のAOEを捨てた位置から
/p MT時計　ST反時計　他その場
/p この後のAAはこの方角のまま受ける
/p 【コスモメテオ】頭割り基本A集合
/p ※D3フレア時頭割りC集合
/p ＭＴＤ３Ｄ４
/p Ｈ１　　Ｈ２
/p Ｄ１ＳＴＤ２
/p 【マジックナンバー】
/p LB3：MT→H1→ST→H2
",p6
top,ふうcだよ FF14情報サイト - 絶オメガ検証戦 カンペ集 (野良主流・固定向け複数掲載),https://fuucdayo.com/battle/3831/,,"p1, p2, p3, p4, p5, p6"
top,Lis Glacial 日記 - 絶オメガ 野良マクロ,https://jp.finalfantasyxiv.com/lodestone/character/5417527/blog/5181737/,,"p1, p2, p3, p4, p5, p6"
p10s,Game8 (ゲームエイト) - 天獄編零式2層 マクロ 1枚目 (犬丸改FFO式),https://game8.jp/ff14/532718,"/p ■尖脚 左MT 右ST
/p ■グランドウェブ 左H 右DPS
/p ■パンデモニックピラー-----------------------
/p ST H1 MT 　　　　　　｜D1 MT ST D2
/p D1 H2 D2　　　　　　｜
/p D3 　　D4　　　　　　｜D3 H1 H2 D4
/p ■スピットウェブ---｜■ヘビーウェブ(1回目)-----
/p MT　　　　　　ST　　｜ 左TH 右DPS
/p 　　D1 　　 D2 　　　｜ 扇北向け
/p 　　　　H1 　　　　　｜ 頭割り南で横並び
/p 　　D3 　　 D4 　　　｜ 線クロスしない
/p 　　　　H2 　　　　　｜
",p1
p10s,Game8 (ゲームエイト) - 天獄編零式2層 マクロ 2枚目 (ボンド/タレット),https://game8.jp/ff14/532718,"/p ■ボンド
/p -西島/片面/震撃---------------ﾀﾚｯﾄ------------
/p MT D1 　　　　　　　｜ D1 / MT ST / D2
/p ST D2 　　　　　　　｜
/p H1 D3 　　　　　　　｜ D3 / H1 H2 / D4
/p H2 D4 　　　　　　　｜
/p ダブル MTD1 STD2 H1D3 H2D4
/p クアドラ MTSTH1H2 D1D2D3D4
/p タッチダウン時は西島に8人入って処理
/p ■タレット
/p 西 H1MT → D3MT → D1MT → MT
/p 東 H2ST → D4ST → D2ST → ST
/p 3番レーザーは4番タレットに向けて角度調整
",p1
p10s,ぬけまる様 - 天獄編零式2層 魔殿の震撃ボンド補足マクロ,https://game8.jp/ff14/532718,"/p ■魔殿の震撃ボンド
/p ダブル(22)MT組:ST組
/p D1　MT　ST　D2
/p D3　H1　 H2　D4
/p クアドラ(44)TH組:DPS組
/p MT　ST　D1　D2
/p H1　H2　D3　D4
",p1
p11s,Game8 (ゲームエイト) - 天獄編零式3層 マクロ 1枚目 (ハムカツ様準拠),https://game8.jp/ff14/532825,"/p ※ボスを見て以外は北(A)基準
/p MT組：MTH1D1D3　ST組：STH2D2D4
/p 【基本散開】　　　【アップヘルド闇/ペア散開】
/p D3 MT D4　　　 　　　　　　　MTD3
/p H1 ★ H2 　 　　　 　　H1D1 ★ H2D4
/p D1 ST D2　　 　 　　 　 　　STD2
/p ※闇ジューリー⇒DPS時計※塔X字⇒反時計
/p 【魔法陣＆戒律】
/p 初動⇒MT組：西待機　ST組：東待機
/p 「魔法陣ディスミサル闇：戒律闇ディバイド」
/p ボスを見て　左:MTD3/STD2 右:H1D1/H2D4
/p 戒律の闇線⇒T線：Aマーカー　光：ボス中央
/p 【ライトストリーム後ディバイド】
/p ボスを見て MT組：左　ST組：右
",p1
p11s,Game8 (ゲームエイト) - 天獄編零式3層 マクロ 2枚目 (調停/ダークストリーム/理法),https://game8.jp/ff14/532825,"/p 【光と闇の調停：ジジー式】
/p 光⇒TH：西側　DPS：東側
/p 闇⇒TH：東側　DPS：西側
/p 【調停ディバイド】
/p 近くのマーカーで待機し位置確定後　時計回り
/p 闇ペア⇒ボスを見て 短い線(異色)：左　長い線(同色)：右
/p 【ダークストリーム】
/p MT組:北西 ST組:南東
/p 内:近接(T進行方向側) / 外:遠隔(H進行方向側)
/p 【理法の幻想】
/p 闇線中央捨て　光線その場
/p 塔処理　北(A)基準で塔ペア散開
/p 闇ディスミサル　ボスを見て　左:MTD3/STD2 右:H1D1/H2D4
",p1
p11s,Lodestone Kama Boko - 天獄編零式3層 ハムカツさん マクロ,https://jp.finalfantasyxiv.com/lodestone/character/32180468/blog/5233886/,,p1
p12s,Game8 (ゲームエイト) - 天獄編零式4層前半 マクロ 1枚目 (ぬけまる式),https://game8.jp/ff14/534748,"/p ■パラ1回目 タンク無敵
/p ーーーーーーーーーーーーーーーーーーーーーーーー
/p ■パラ2回目 十字
/p 線：対面に伸ばす
/p 塔TH：北西から反時計、塔DPS：北東から時計
/p ーーーーーーーーーーーーーーーーーーーーーーーー
/p ■チェインⅠ、Ⅱ　※ボス基準
/p 　《8方向》　　　　　《ペア》　　　　　《ペア半面》ⅡA
/p 　　 D1　D2　　　　　　　　　　　　　　　MTD1
/p 　MT　　 　 ST 　 　MT/D1　ST/D2 　　 　 STD2
/p 　　 　 ★　　　　　　　　　★　　　 　　 　 H1D3
/p 　H1　　 　 H2 　 　H1/D3　H2/D4　 　　H2D4
/p 　 　D3　D4
/p ーーーーーーーーーーーーーーーーーーーーーーーー
",p1
p12s,Game8 (ゲームエイト) - 天獄編零式4層前半 マクロ 2枚目 (チェインⅡB/パラ3),https://game8.jp/ff14/534748,"/p 《ビーム誘導/4:4》　　　《塔/天火散開》
/p 　　　　★ 　 　 　　 　 MT/D1 　 ST/D2
/p 黒ビーム　 白ビーム 　 　　 　 　 ★
/p 白デバフ　 黒デバフ　　　　　白　　黒
/p 　　　　　　　　　　 　H1/D3 　 H2/D4
/p ーーーーーーーーーーーーーーーーーーーーーーーー
/p ■アポ ：HDボス下　ペリ：HDボス背面サークル外
/p ーーーーーーーーーーーーーーーーーーーーーーーー
/p ■パラデイグマ3回目 イディル
/p 　北：十字 南：X字
/p 　北　MT＞ST＞H1＞H2　南
/p 　DPS塔踏み:中央＞D1D2D3D4
/p ーーーーーーーーーーーーーーーーーーーーーーーー
",p1
p12s,Game8 (ゲームエイト) - 天獄編零式4層前半 マクロ 3枚目 (サイコロ/ネバラン),https://game8.jp/ff14/534748,"/p ■サイコロ　ネバラン
/p 　　 ★
/p 　　　2/4（2,4は辺から頭割り）
/p 5/7　 　 6/8
/p 　　1/3
/p ※ビーム:5,7→6,8→1,3→2,4
/p ※サイコロ後北に集合
",p1
p12s,Game8 (ゲームエイト) - 天獄編零式4層後半 マクロ 1枚目 (ぬけまる式 / パラスレイX処理),https://game8.jp/ff14/535668,"/p 【パラスの手】 T:西　他:東
/p 【サモンダークネス】北＞西:TH　南＞東:DPS
/p 【デミハルペリオン】
/p 　 　 MT 　 　ST 　 　 　 MT 　 　 ST
/p 　 H1 　 　 　 　H2 　 　 H1 　 　 H2 　 　H1 MT ST H2
/p 　 　 　 　● 　 　 　 　 　 　 　● 　 　 　 　 　 　●
/p 　 D3 　 　 　 　D4 　 　 D3 　 　D4 　 　 D3 D1 D2 D4
/p 　 　 D1 　 　D2 　 　 　 D1 　 　D2
/p 【イデア】 西←〇×△□→東　 α:赤▲　β:黄■
/p 【パラスレイX処理】
/p ●　　●　　●　　●
/p 〇α ★ ×α 　△α ★ □α　 2回目は〇×△□反転
/p ●　　●　　●　　●　　 ※誘導後→★に入る
/p 〇β ★ ×β　 △β ★ □β
/p ●　　●　　●　　●
",p2
p12s,Game8 (ゲームエイト) - 天獄編零式4層後半 マクロ 2枚目 (カロリック1/エクピロシス/パンゲネシス),https://game8.jp/ff14/535668,"/p 【カロリック1】※もちべ式
/p 炎マーカー頭割り・・・西:TH　東:DPS
/p 風炎:MTSTH1H2D1D2D3D4の順でAから時計
/p 【エクピロシス】
/p MT ST
/p D1 D2　 MT D1 D2 ST
/p H1 H2　 D3 H1 H2 D4
/p D3 D4
/p 【パンゲネシス】MT:西無敵、他:南(東側)
/p 極性なし:西←MTSTH1H2D1D2D3D4→東
/p 無職:スライム 西：1マーカー、東：2マーカー
",p2
p12s,Game8 (ゲームエイト) - 天獄編零式4層後半 マクロ 3枚目 (カロリック2/サモンダークネス2/線),https://game8.jp/ff14/535668,"/p 【カロリック2回目】
/p 　　H2　　　　 マーカー:MTと交代
/p D1　　　D4　 ※反時計/最後中央行かずに２回移動
/p 　　MT
/p ST　　　D2
/p 　　H1
/p 　　　 　D3
/p 【サモンダークネス+デミ2】（MTD1が奥まで走る）
/p 安置の逆側＞MT/D1　ST/D2　H1/D3　H2/D4＜安置
/p 【サモンダークネス(線)】
/p 　MT/D1　ST/D2　H1/D3　H2/D4ペアで処理
",p2
p9s,Game8 (ゲームエイト) - 天獄編零式1層 マクロ Ver1.1 (無職マラソン式),https://game8.jp/ff14/532345,"/p ■基本散開　　　　■ペア十字(X字反時計回り)
/p D3 MT D4　　 　　　　 　MT/D3
/p H1 ★ H2 　　 　 　H1/D1　★　H2/D4
/p D1 ST D2　 　　　　 　　 ST/D2
/p ■古式破砕拳(4:4頭割り)
/p 西：MTH1D1D3 / STH2D2D4 ：東
/p ■ジャンブルコンボ(サイコロ1回目)※無職マラソン式
/p 無職：1壁から進行方向に走り青ついたら止まる
/p 塔：6→8→2→4の順に処理
/p 炎：2→4→6→8の順に処理(塔から進行方向に45度ずれる)
/p ■ビーストフェーズ
/p 毒:12時から時計回り DPS＞TH　扇誘導:TH→D
/p ■キメリック(サイコロ２回目)
/p 1→東　2→西　3,4→北　無職→南
",p1
m5s,Game8 (ゲームエイト) - クルーザー級零式1層 ぬけまる式,https://game8.jp/ff14/680424,"/p 【ジングル固定】|【ナイトフィーバー】|【ウェーブオンウェーブ】
/p 　　H1　　　　 |　　MT　 ST　　　　|　　MT　 ST
/p MT　　遠D　　 | 　H1　　　　 H2　　 |　　D1　 D2
/p ST　　 近D　　 | 　D3　 　　　D4　　|　　 H1 　H2
/p 　　H2　　　　|　　　D1　 D2　　　 |　　 D3　 D4
/p 【ディスコ1回目】西:MT組 東:ST組 内周:近接 外周:遠隔
/p 【音響爆弾】北から秒数短い順にペア整列
/p 【フロッグダンサー1回目】|【ディスコ・ダンサー2回目/後半ダンシング】
/p MT組:北西 ST組:南東 　　| 　(扇誘導) TH→DPS
/p 　ペア頭割り:横隣り　　　|
/p 　　　　 ★　　　　　　　|　MTD3　　H2D4
/p 　MT/ST　 D1/D2　　　|　　　　★
/p 　H1/H2　 D3/D4　　　|　　H1D1　　 STD2
",p1
m6s,Game8 (ゲームエイト) - クルーザー級零式2層 新FFO式 Ver.3.1 (前半 + 雑魚),https://game8.jp/ff14/681086,"/p ■基本散開:ねばねば(北基準、Tボス下)■カラークラッシュ（2:2:2:2）
/p 　 D3 D4　 　 | 　 　 　　 ボス
/p H1　☆　H2　| 　H1D3　MTD1　　STD2
/p 　 D1 D2 　 　|　　　　　 H2D4　4:4は←MT組ST組→
/p ■砂漠フェーズ
/p 　〇サボテン避け（北で避ける）〇サボテン+流砂（北基準）
/p 　　　 6人 　　 　｜　　北西H1　北東6人
/p 　T 　　　　D 　　｜　　予備　　 南東H2
/p 　〇爆弾捨て（流砂北）
/p H1/D3 MT/D1 ST/D2 H2/D4
/p ■雑魚フェーズ（倒す順：ジャバ＞キャット＞フェザー＞ムー＞ヤーン）※リキャバースト
/p wave1：MTムー　ST＋近接ヤーン（リキャバーストで処理）　遠隔キャット　ヤーンの場所に遠隔ヒラ集合
/p wave2：D側フェザーD3　B側フェザーH2　北から捨てる　MTムーを東→西フェザーへ誘導　他全員で範囲焼き
/p wave3：ジャバ＋ムー行進(スタン：MT→D1→D2)　STヤーン北東待機　バインドヒラ南東
/p wave4：MTムーC　STヤーンA(スタン：ST→D1→D2)　D側フェザーD3　B側フェザーD4　南から捨てる
",p1-front
m6s,Game8 (ゲームエイト) - クルーザー級零式2層 新FFO式 Ver.3.1 (後半: 山川〜),https://game8.jp/ff14/681086,"/p 【山川】火：内側MTH1D1D2　【雷雲】雷雲見て
/p 　　　　　　 外側STH2D3D4　　TH←左　他　右→DPS
/p 雷：基本散会
/p 【マグマ】ーーーーーー【塔2回目】ーーーーーー
/p D3D4　北　H1H2　 ◎4・2・2の場合：近接4人基準時計or反時計
/p ※※※※※※※※※※ 　中央見て左←【D1MTSTD2】【H1H2】【D3D4】→右
/p 　　 MT　　ST　　　　◎南８塔の場合：H1　H2　D3　D4
/p 　　 D1　 　D2　　　　　　　　　　　 D1　 MT　 ST 　D2
",p2-back
m7s,Lodestone Poni Kone - 「ぬけまる固定 アルカディア零式 クルーザー級3層 マクロ ※地下マーカー前提」 (前半),https://na.finalfantasyxiv.com/lodestone/character/13307902/blog/5542016/,"/p 【スキャッターシード一回目】
/p (種捨て)　　　　　　(エラプ)
/p 　D3/MT　　 ST/D4 　近接:南内側開始→上→中央→下
/p 　　　 　★　　　　 遠隔:D北H南開始→東西→最後中央寄せ
/p 　H1/D1　　 D2/H2 (頭割り)MT組:西 ST組:東
/p 【ソーンスマッシュ 】　｜ 【ブルートグラワー】
/p 　　　　　北　　 　 ｜ D1　　★　　D2
/p 　　D3　 MT　 D4 ｜ 　 MT　　　ST
/p 　　H1 　 ★ 　 H2 ｜ H1　　　　　H2
/p 　　D1 　 ST 　D2 ｜ 　 D3　　　D4
/p 【ソーンデスマッチ・ビルディング いしあ式】
/p (奇数)3回目安置 (13捨て位置)近D:④ TH:② 遠D:⑥
/p ①　 　MT　　②　 　H1　　③　(ペア頭割り)
/p 　 D1　 ST 　H2　　D3　　 MTD1:①　STD2:②
/p ④　　 D2　　⑤　　 D4　　⑥　 H1D3:③　H2D4:⑤
",p1
m7s,Lodestone Poni Kone - 「ぬけまる固定 クルーザー級3層 マクロ ※地下マーカー前提」 (後半),https://na.finalfantasyxiv.com/lodestone/character/13307902/blog/5542016/,"/p 【ゾーンデスマッチ・ウォール】
/p 　　　 MT/D3　　　　※石化視線：北西/南東避け
/p 　　　　　　　　　　　 雑魚石化後処理
/p H1/D1 ★　 H2/D2
/p
/p 　　　 ST/D4
/p 【スキャッターシード二回目】※近接北西集合
/p 近接AOE:北西から時計周り→南西安置 (遠隔)シード十字捨て 南側外周避け
/p 遠隔AOE:最外周捨て→中央安置 (近接)シード十字内側捨て(外から2マス) 中央避け
/p 【ウェポンツイン+ブロウシード】※一回目北向き 二回目ボス北基準
/p (一回目)　　　　　　 ｜ (二回目) ★
/p MT/D3　 　 ST/D4 ｜　MT/D1　　 ST/D2
/p 　　　 ★　　　　 ｜
/p H1/D1　　 H2/D2 ｜ H1/D3　　 H2/D4
",p2
m7s,Game8 (ゲームエイト) - クルーザー級零式3層 さり式 / ぽにこね式 (本文は Game8 を参照),https://game8.jp/ff14/681274,,"p1, p2"
m8s,Game8 (ゲームエイト) - クルーザー級零式4層前半 ぬけまる様マクロ (イディル土修正/風化IQ6000/狐狼Alice/81128),https://game8.jp/ff14/681843,"/p 【土の魔技】　 |【風の魔技/千年の風化 IQ6000式】
/p 　 　MTD4　　| MT/D3　　H2/D4
/p 　D3　　　H2 | 　　　　★　　　　 ※塔ズレ時計
/p 　H1　　　D2 | H1/D1　 　ST /D2
/p 　 　D1 ST　　| (回転中)前:近接 南北:遠隔 後:無職
/p 【薙の群狼剣】　　【廻の群狼剣】
/p MT　　　　 ST　|　　　 ★
/p 　　　 ★ 　　 　 | MT 　 　 　 　 ST
/p H1組 　 　 H2組 | 　 H1組　H2組
/p 【大地の怒り】
/p ①風化散開 ⇒ 安置時計回り (頭割り)中央
/p ②風化散開 ⇒ ズレ時計回り (頭割り)北
/p 【幻狼招来】
/p MT/D3　 (頭割り) 　H2/D4
/p 　　　H1/D1　ST/D2
",p1
m8s,Game8 (ゲームエイト) - クルーザー級零式4層後半 ぬけまる様マクロ (魔印正規/狐狼Alice/81128),https://game8.jp/ff14/681846,"/p 【クエイガ/1-3魔光】青マカ上から北島⇒その場⇒南島
/p MT　　　 　★　　　　ST
/p D3　　　　　　　　　D4 【双牙撃】西島:MT 東島:ST
/p 　D1　　　　　 　　D2　【風震の魔印(正規処理)】
/p 　 H1　 　 南島　　H2　　頭割り:風撃タンク隣島
/p 【風狼陣/双牙暴風撃】　　　 　 　 線　 　 誘導
/p 　D1D3　 　 D2D4　　MT先↓ MTH1　D2D4
/p 　　　　　　　　　　　　　　 　D1D3　 ST H2
/p MT H1 　 ★ 　 ST H2 　 　 　　D2D4　 MTH1
/p 　　　　 南島　　　 　 　 ST先↑ ST H2 　D1D3
/p 【孤狼の呪い Alice式】
/p 　 T　島　　　 　Tニア　 :北東　Tファー:西　H:不動
/p 　島　★　D　　 Dニア　:線が北伸び⇒北東 南伸び⇒南
/p 　　　H　　　　 Dファー :線が北伸び⇒不動 南伸び⇒北東
/p 【八連光弾】2:MT無敵 3:ST無敵 4:T二人フルバフ
",p2
m10s,Game8 (ゲームエイト) - ヘビー級零式2層 「基本犬丸水牢ヒラ/炎AC」,https://game8.jp/ff14/755672,"/p 【基本散開】 【波乗り散開/4人割】
/p 　D3MTD4 │　　 　　★
/p 　H1 ★ H2 │　D3MT　 STD4
/p 　D1 ST D2 │　H1D1　 D2H2
/p 【フレイムフローター1回目】
/p ボス見て右上、左上交互に逆Z字
/p 【インセインエアー】青MT組　赤ST組
/p 扇誘導：中央見て 左>遠D H T 近D>右
/p 【スネーキング1回目】
/p ※MT組青ボス下、ST組赤ボス下
/p 青アリウープ　 ｜赤沼捨て1回目｜ハイドロバリエル
/p ※狭い方に3人 ｜　　　★ 　 　 ｜赤デバフ→赤沼有り半面
/p 　　　　 T 近D｜ H　近　T　遠｜中央> T 近D H 遠D >端
/p 　H 　★　遠D｜　　　　 　 　 ｜青デバフ→赤沼無し半面
/p 炎エアリアル: 赤沼側北側から交互　T→H→遠隔→近接
/p 【水牢】 H1H2塔入り
/p 赤：A or C方向へ伸ばす→往復
/p 青：出現位置から縦方向へ伸ばす→往復
/p 【分断フェーズ】MT組西：ST組東
/p D3　　:　　D4
/p MT　　:　　ST
/p 　　 赤★
/p D1　　:　　D2
/p H1　　:　　H2
/p 【スネーキング2回目】
/p 交代順　散会：1回目近接、2回目遠隔
/p 　　　　頭割り：H　T強：T
/p 【青+赤アリウープ】
/p マップ基準、基本散開方向の外周で時計回り
/p 強攻撃：青タゲ持ちが離れる　頭割り：青直下から中央へ
","p1-fire, p2-water, p3-merge"
m11s,Game8 (ゲームエイト) - ヘビー級零式3層 ぬけまる様式 (前半),https://game8.jp/ff14/755154,"/p ■基本散開　　■ミールストーム誘導
/p 　D3 MT D4 　　 　D3MT
/p 　H1 ☆ H2 　　　H1　　D4
/p 　D1 ST D2　　　D1　　H2
/p 　　　　　　　 　 　 STD2
/p ■コメットレイン：ボス背面から時計周り
/p ■ドミネーション：安置を北に見て
/p 　H1D3 H2D4
/p 　MTD1 ★ ST D2
/p ■メテオレイン
/p 1回目　H1:南西遠　　　　H2:北東タゲサ上
/p 2回目　D3:南西中間　　　D4:南東タゲサ上
/p 3回目　D1:南西タゲサ上　 D2:北東タゲサ上
/p タンク線取り(隕石基準)　　MT:23マカ、ST:4マカ
",p1
m11s,Game8 (ゲームエイト) - ヘビー級零式3層 ぬけまる様式 (後半 / チャンピオンズメテオ〜),https://game8.jp/ff14/755154,"/p ■チャンピオンズメテオ（ジジー式位置固定）
/p ◯塔踏み1回目 ※範囲捨てボス下から割れ目沿い南北
/p 　MTD3　H2D4
/p 　H1D1　 ST D2
/p ◯塔踏み2回目：1回目処理位置近くに同じペアで入る
/p ■メテオスタンピード（DXA式）
/p 沼捨て： 北 H1D3 / 南 H2D4 (D調整)
/p 範囲捨て：ボス下→A→時計回り
/p 〈MT、近接ペア〉1から時計回り塔
/p 〈ST 、遠隔ペア 〉4から反時計回り塔
/p 線持ち：穴を背にして右前に伸ばす
/p 【フォーウェイ】X字ペア
/p 〈内側誘導〉①北沼 ②無職近接 ③南沼 ④無職遠隔
/p 【ツーウェイ】東西4:4
/p 〈内側誘導〉西:反時計2人塔線無、東:時計2人塔線無
",p2
m12s,Game8 (ゲームエイト) - ヘビー級零式4層前半 ぬけまる様式,https://game8.jp/ff14/756439,"/p ■リーサルスカージ　D側:MT組 B側:ST組
/p H→近→遠→調整役　T/遠調整 (紫T)
/p ■細胞付着：前期 左前タゲサ端で散開
/p 〈頭割り:角〉扇外周
/p 　H1STMT | MTSTH1 Ⅱ D3D2D1｜D1D2D3
/p 　H2 　 　 ｜　 　 H2 Ⅱ D4　　　｜　　　D4
/p 〈前期散開/周期散開/線切〉
/p 北から MT/D1 ＞ ST/D2 ＞ H1/D3 ＞ H2/D4
/p 〈最後〉元安置HD　反対北MT南STでタン強
/p ■細胞付着：中期 線取り：1234
/p 塔踏み：3412
/p ■細胞付着：後期　細胞中央向け
/p 〈X字〉 DPS右上 TH左下
/p 〈十字〉東西：DPS右上TH左下 南北：DPS左上TH右下
/p 〈タン強〉無敵前捨て：D側MT　B側ST
",p1
m12s,Game8 (ゲームエイト) - ヘビー級零式4層前半 ぬけまる様式 (散開・スローターシェッド),https://game8.jp/ff14/756439,"/p 〈散開〉T　　T
/p 　　★D1 HH D2 ★
/p 　　　D3　　 D4
/p ■細胞付着：終期　AoE左上から外周沿い捨て
/p 線：中央集合→TH:西、D:東
/p ■スローターシェッド　詠唱中集合：TH：A　DPS：タゲサ先
/p 散会組：H1 MT | MT H1　D3 D1 | D1 D3
/p 　 　　　H2 S T | S T H2　D4 D2 | D2 D4
",p1
m12s,Game8 (ゲームエイト) - ヘビー級零式4層後半 (マクロは外部リンク参照),https://game8.jp/ff14/757988,,p2
m12s,Lodestone Sr Odin - 「ヘビー級零式4層後半 アルカディアンドリーム用 ぬけまる改良版」,https://na.finalfantasyxiv.com/lodestone/character/39631700/blog/5649775/,"# 抜粋 (実際の本文は Lodestone を参照)
/e -----
/e [A] ●頭割り
/e 入替ペア -> [2]
/e 頭割りは[3]
/mk attack4 <me>
/micon A fieldmarking
# ... (続きは Lodestone URL を参照)
",p2
m12s,Lodestone Ku Yuri - 「４層後半アルカディアンドリーム 自分用メモとコールマクロ（処理法ぬけまる）」,https://na.finalfantasyxiv.com/lodestone/character/22717408/blog/5651169/,"# 抜粋 (実際の本文は Lodestone を参照)
/p -十字から-------------
/p MT組：A→扇よけ→1→扇よけ
/p ST組：D→扇よけ→4→扇よけ
/p -X字から-------------
/p MT組：1→扇よけ→A→扇よけ
/p ST組：4→扇よけ→D→扇よけ
# ... (続きは Lodestone URL を参照)
",p2
m9s,Game8 (ゲームエイト) - ヘビー級零式1層 ぬけまる式,https://game8.jp/ff14/754895,"/p 【ヴァンプストンプ】
/p 　D3　 MT 　 D4　近：コウモリ1後
/p 　 　 D1 　D2
/p 　H1　 ST　　H2
/p 【エーテルレッティング】
/p 　 　MT　D4 　 　 最外周扇間捨て
/p 　D3　　 　 H2 　 中央安置集合
/p 　H1　　 　 D2
/p 　 　D1　ST
/p 【茨塔】 北から時計回り　T＞近＞遠＞H
/p 《ロール》　 《頭割り》
/p 　 塔 塔 　 　　 塔 塔
/p 　D ★ H　 　 　 ★
/p 塔　 T　塔　 塔　全　塔
/p 【バットデスマッチ】北西:MT組 南東:ST組
",p1
m1s,Game8 (ゲームエイト) - アルカディア零式ライトヘビー級1層 犬丸式,https://game8.jp/ff14/630292,"/p 　【基本散開】 　 　｜【扇範囲誘導】(全てボス基準)
/p 　D3 　MT 　D4 　 ｜ 　 　 　 MTD3
/p 　H1　ボス　H2 　｜　H1D1 　ボス 　H2D4
/p 　D1 　ST 　D2 　 ｜　 　 　 　STD2
/p 【クアドラプルネイル】（十字固定処理）
/p 　先:TH　後:DPS　※ペア割は扇誘導位置から反時計に動く
/p 【4:4頭割り・衝撃波】（衝撃波は東西散開）
/p 　北/西:MTH1D1D3　南/東:STH2D2D4
/p 【スプレッドネイル】
/p 　 　 　ボス
/p 　T 　 　D　 　H
/p 【レイニングキャッツ】(タンク無敵)
/p 　北西:MT→MT(無敵)→MT(無敵)→D1　南側タゲサ：H1D1D2
/p 　北東:ST →ST(無敵) →ST(無敵) →D2 　 南側外周：H2D3D4
",p1
m2s,Game8 (ゲームエイト) - アルカディア零式ライトヘビー級2層 ぬけまる版,https://game8.jp/ff14/630353,"/p ■基本散開
/p D3 MT D4　 　D3 D4 　 　MT/D3 　ST/D4
/p H1 ☆ H2 　 　 MT ST 　 　 H1/D1 　 D2/H2
/p D1 ST D2 　 　 D1 D2
/p 　 　 　 　 　 　H1 H2
/p ■1stライヴ
/p 近接：♡2（頭割り処理）　遠隔：♡3
/p ■2ndライヴ
/p ♡0：中心→北→TH西、DPS東で頭割り
/p ♡1：南待機→AOE対象者は捨てる 塔:TH 北/西 DPS南/東
/p ■毒捨て　TH：北西、DPS：南東
/p ■3rdライヴ
/p デバフ捨て、塔踏みはペア割基準
/p ■ブラックハート
/p 8方向散開　HPが戻り次第、早いペア順に中央集合
",p1
m3s,Game8 (ゲームエイト) - アルカディア零式ライトヘビー級3層 ぬけまる版 (基本散開・4/8 ウェイ・ボンバリアンボム・零式フューズ),https://game8.jp/ff14/630870,"/p ■基本散開ーーーーーー■4ウェイーーーーーー
/p 　D3 MT D4 　 　 　 　MT/D3 　 　 H2/D4
/p 　H1 ★ H2 　 　 　 　 　 　 　 　★
/p 　D1 ST D2 　 　 　 　 H1/D1 　 　 ST/D2
/p ■8ショックーーーーー■4ショックーーーーーー
/p 　 MT　★　ST　 　 　 　 　 　 　 　★
/p 　 　D1　D2 　 　 　 　 　 MT/D1 　 D2/ST
/p D3　H1　H2　D4 　 　 　D3/H1 　 H2/D4
/p ■ボンバリアンボム(ノックバック塔)ーーーーー
/p 　1塔目　北西：近接、南東：遠隔
/p 　2塔目　ボスを見て左側：MT組、右側：ST組
/p ■零式フューズボムー※単体の長ボムを北に見る
/p 1回目短　 　北H1/D3 ┃H1/D3　MT/D1
/p 　MT/D1 　 　 　 　 　┃ 　 　 　 　 　 ST/D2
/p 　H2/D4 ST/D2 　 　 ┃ 2回目長 　 　 H2/D4
",p1
m3s,Game8 (ゲームエイト) - アルカディア零式ライトヘビー級3層 ぬけまる版 (フューズフィールド・ボンバリアンスペシャル・極盛り式),https://game8.jp/ff14/630870,"/p ■フューズフィールドーーーーーーーーーーー
/p 　Aから時計回りで探す 短→長
/p 　MT→ST→H1→H2　D1→D2→D3→D4
/p ■ボンバリアンスペシャルーーーーーーーーー
/p 8ショック/基本散開
/p 4ショック/ペアX受け
/p ■極盛り式スピニングファイヤー(アタッチ)ーー
/p 　D3　MT　D4
/p 　D1 　★ 　D2
/p 　H1　ST　 H2
",p1
m4s,Game8 (ゲームエイト) - アルカディア零式ライトヘビー級4層前半 ぬけまる版 (Ver.2.1),https://game8.jp/ff14/631136,"/p ■縦散開ーーーー■円輪・輪円（DN式）ーーーーーー
/p D3 D4 　 　 　 　D3 MT D4
/p MT ST 　 　 　 　D1 ☆ D2
/p D1 D2 　 　 　 　H1 ST H2
/p H1 H2
/p ■エレクトロープ1回目ーーーーーーーーーーーーー
/p MT D2 D4 　 　| ☆　ST/D2 H2/D4
/p D1 ST H2 　 　| MT/D1
/p D3 H1 角 　 　 | H1/D3
/p ■エレクトロープ2回目
/p 基本散開 　 　 　|多 ■■■ 多 　 西：TH 東：DPS
/p D3 MT D4 　 　|■ 　 ■ 　 ■ 　 22秒：3回 or 2回
/p H1 ☆ H2 　 　 |少 　 ■ 　 少 　 42秒：2回 or 1回
/p D1 ST D2 　 　 |■ ■ 他 ■ ■
",p1
m4s,Game8 (ゲームエイト) - アルカディア零式ライトヘビー級4層前半 ぬけまる版 (ペア散開・ストリーム・移植),https://game8.jp/ff14/631136,"/p ・ペア散開 　 　 　 　 　 　 ・散開(北基準)
/p TH多：B,D 　DPS多：中央 | 　 　 　D3
/p TH少：A　 　DPS少：C 　 |　MT　 　 　H1
/p 　 　 　 　 　 　 　 　 　 　|　☆D1　ST
/p 　 　 　 　 　 　 　 　 　 　| 　 D2　 　 　H2
/p 　 　 　 　 　 　 　 　 　 　| 　 　 　D4
/p ■ストリームーーーーーーエレクトロープ移植※ボス基準
/p 　 紫 　 　 　 　 　 　 　 ｜
/p 　誘電 　 　 　 　 　 　 　| 　D3/MT　 ST/D4
/p 青 　 　青 ※TH外側 　 　| 　 　 　 　☆
/p 青 　 　青 ※DPS内側　 　| 　 H1/D1 　D2/H2
/p 　誘電 　 　 　 　 　 　 ※時計→反時計で往復
/p 　 紫
",p1
m4s,Game8 (ゲームエイト) - アルカディア零式ライトヘビー級4層後半 ぬけまる版,https://game8.jp/ff14/631340,"/p ■ウィケッドブレイズ（エクサ）
/p 西 : MT組　東 : ST組
/p ■マスタードボム
/p D1 MT ST D2 　 　 　 　デバフ受取優先順位
/p D3 H1 H2 D4 　 　MT←D1D3H1 H2D4D2→ST
/p ■夜半ーーーー■剣の雨ーーー■剣の舞ーーーーー
/p 　 MT　D2 　 　 | MT　ST　|　MT/D1　ST/D2
/p D1 　 　 　ST 　 | D1　D2　|
/p H1　 　 　D4 　| H1　H2　|　H1/D3　H2/D4
/p 　 D3　H2 　 　 | D3　D4　|
/p ■日出
/p 　《塔》 　 　 　 　 　 《誘導》
/p TH：南・西 　 　 　 　TH：11時から反時計
/p DPS：北・東 　 　 　 DPS：12時から時計
",p2
fru,りりーどーる (P1 - リリド式 / 優先HTD・STD4入替・塔キャス固定),https://ffxiv.link/0122122,"/p P1(優先HTD/STD4入替/塔キャス固定)
/p ■基本散開 　｜■全ての優先度
/p D3 MT D4 　｜北/西←H1H2MTSTD1D2D3D4→南/東
/p H1 ☆ H2　 ペア：TH反時計、DPS時計
/p D1 ST D2　散開：全員時計回り(遠隔離れる)
/p ■楽園絶技(STD4入替/※爆印MTだけ寄る)
/p 　MT組 A-3　　　ST組 1-C
/p 　　／  H1 ＼　　　／  H2 ＼
/p 　／D1MTD3＼　／D2STD4 ＼
/p 手を挙げたら前に出る(対角の人が動いた場合も)
/p ■転輪召
/p TH北/DPS南：線ロール内で被り時MTD1調整
/p ■シンソイルセヴァー※ボス南整列
/p 奇数：D/偶数：B(ボスタゲサ上で線処理)
/p 線は外周(東西)に扇誘導/無色の雷優先：北H>T>D南
/p 【バーンストライク(塔)】フィールド北(上)基準
/p 上MT 下ST ｜ 塔 上:H1 中:H2 下:D4
/p 人数調整優先度 上 D1＞D2＞D3 下
",p1
fru,りりーどーる (P2 - 基本イディル / 暴走HT / ノクバマカ色＆バニシュガ2ペア変更),https://ffxiv.link/0122122,"/p P2(基本イディル/暴走HT/ノクバマカ色＆バニシュガ2ペア変更)
/p 【DD】基本散開から時計回り調整
/p D3 MT D4 |扇誘導:1,3枚目(スプリント)
/p H1 ☆  H2  |AoE:2枚目(アクス時、外周端捨て)
/p D1 ST D2  |ノックバック:MT組 D-1/ST組 B-3
/p 基本時計回り移動/1つ時計回りに白リーンがいたら反時計
/p 【鏡の国】　 |【鏡の国：赤鏡】
/p 　D1　D2　 |　　MT 赤 ST  | MT赤ST
/p MT　●　ST  |H1　    D1D2 | D1D2　    H2
/p 　　　　　　 |赤 D3　 　　  |　　　   D4 赤
/p 　D3　D4     |H2D4　　　   |　　      D3H1
/p H1　青　H2 |※近いor時計回りの赤鏡に近接移動
/p 【バニシュガ1】大球：赤鏡散開でペア受け
/p 近接ペア：MT/D1　ST/D2
/p 遠隔ペア：H1/D3　H2/D4
/p 【光の暴走】
/p H1H2MTST　 ①-②-③｜調整：ST/D4
/p 　　 ●　　　→│ ● │｜②⑤入れ替え
/p D1D2D3D4     ⑥-⑤-④｜④⑥入れ替え
/p 　　　　　　   ⑤　　   ｜AoE：1,3の内側から時計周り
/p ①-②-③　①　　　③　｜【バニシュガ2】
/p │ ● │→　　 ●　　   ｜大球：X字ペア
/p ⑥-⑤-④　④　　　⑥　｜MT/D3　H2/D4
/p 　　　　　　   ②　　   ｜H1/D1　 ST/D2
/p 【雑魚フェーズ】
/p 　　　MT　　    ｜近接：円AoE誘導
/p 　  D3　  H2      ｜　　：誘導する光水晶を攻撃
/p D1　　　　  D2 ｜　　：ボス本体に近接LB3
/p 　  H1　  D4      ｜遠隔：扇誘導
/p 　　　ST　　　  ｜　　：時計回りの光水晶を攻撃
",p2
fru,りりーどーる (P3 - アポカリ最初の安置基準 / TH赤紫DPS黄青),https://ffxiv.link/0122122,"/p P3(アポカリ[最初の安置基準]TH赤紫/DPS黄青)
/p 【時間圧縮・絶】跡部王国改(ぽにこねさん)
/p 　　　遅③/氷　　     ｜△頂点の黄時計基準
/p 　  早①　　  早②　   ｜ファイガ/ブリザガ付与
/p 中①　　　　　　中②｜→秒数に応じてマクロ使用
/p   　遅① 　　遅②        ｜→付与マーカー方向を担当
/p 　　　早③/氷    　     ｜
/p 【アポカリプス】※基本TH4人とDPS4人で組分け
/p TH組  ：交代>MTSTH1H2>交代なし
/p DPS組：交代>D1D2D3D4>交代なし
/p 担当色マーカー：TH組 D-1(赤紫)/DPS組 B-3(黄青)
/p 頭割り1回目：TH組 4-A間/DPS組 2-C間
/p 最初の安置の担当色マーカーで散開
/p 散開優先度Z字:内側左<D12 MTST D3H1他<外側右
/p 【暗夜の舞踏技】ボス見てTH組：左/DPS組：右
",p3
fru,りりーどーる (P3 - アポカリ基準 / 1個目のアポカリ基準 / TH赤紫DPS黄青),https://ffxiv.link/0122122,"/p P3(アポカリ[1個目のアポカリ基準]TH赤紫/DPS黄青)
/p 【時間圧縮・絶】跡部王国改(ぽにこねさん)
/p 　　　遅③/氷　　     ｜△頂点の黄時計基準
/p 　  早①　　  早②　   ｜ファイガ/ブリザガ付与
/p 中①　　　　　　中②｜→秒数に応じてマクロ使用
/p   　遅① 　　遅②        ｜→付与マーカー方向を担当
/p 　　　早③/氷    　     ｜
/p 【アポカリプス】※基本TH4人とDPS4人で組分け
/p TH組  ：交代>MTSTH1H2>交代なし
/p DPS組：交代>D1D2D3D4>交代なし
/p 担当色マーカー：TH組 D-1(赤紫)/DPS組 B-3(黄青)
/p 頭割り1回目：TH組 4-A間/DPS組 2-C間
/p 1枚目範囲の担当色マーカー左右の安置側で散開
/p 散開優先度Z字:内側左<D12 MTST D3H1他<外側右
/p 【暗夜の舞踏技】ボス見てTH組：左/DPS組：右
",p3
fru,りりーどーる (P4 - ぬけまる扇前 / アクモーン1:7 / 赤爆走アムレンY字),https://ffxiv.link/0122122,"/p P4(扇前調整/アクモーン1:7/赤爆走アムレンY字/attack meマクロ)
/p 基本担当：MT組⇒ミトロン/ST組⇒闇の巫女
/p 【光と闇の竜詩】
/p 北：H1H2MTST 南北で整列
/p 南：D1D2D3D4
/p (四角型)　　　　|(砂時計)　　　  |扇誘導
/p  HーーT  TとD②| HーーT TとD①| H　　T
/p │　　│　  入替| 　 X　　　入替|　  ●
/p D①ーD②　　    |D①ーD② 　　  |←D1234→
/p ■頭割り：南北の4:4で処理
/p ※南北の片側に頭割りが偏った場合
/p ⇒扇誘導頭割りが扇誘導の前に調整
/p ■宵闇の舞踏技：タンク無敵で2回とも受ける
/p ■アクモーン1:7受け
/p 1回目：MT/2回目：ST/他：中央
/p 【時間結晶】
/p 赤ブリザガ/エアロガ優先度(西←H1MTSTD1D2D3D4H2→東)
/p A基準/エラプと他担当は紫線に合わせて移動
/p 　　　       A　　　　　  |赤氷：東西で待機して竜とぶつかる
/p 　  エラプ　エラプ　　　 |⇒ エラプ側は氷発動後頭割りへ/無い側はスプリントで北安置へ
/p 赤氷①　　　　　赤氷②|エラプ+他+氷で頭割り
/p   　風①+他  風②+他　   |風：南で竜がすれ違う前にぶつかる
/p ----------------------------------
/p ④　　　① |青デバフ：attack meマクロ
/p 　③　②　 |2人同時に押して付かなかった場合はもう1回押す
/p ■リターン置き(南北波が来た方に全員寄る)
/p 左前：MT/右前：ST/中央少し前：他
/p ■テイカー散開⇒波が来た南北基準で基本散開(タンクはAを避けて外周側に)
/p リターン残り5秒で軽減、残り2秒でアムレン
/p ※バリア＆軽減3枚以上必要[動画ではレンジ,BH,PH(無いならタンク)軽減]
",p4
fru,りりーどーる (P5 - ぬけまる最終フェーズ),https://ffxiv.link/0122122,"/p P5最終フェーズ(ぬけまる)
/p 【光塵の剣】
/p アクモーン(ボス基準)：MT組左/ST組右
/p 【パラダイスリゲインド】1個目の塔を6時として見る
/p 塔踏み(スプリント)
/p H⇒6時塔/D12⇒待機場所じゃない方の塔/D34⇒待機場所の塔
/p 光先：MT→6時塔真逆(12時)で受けてボス真下で線処理
/p 　　　ST→4時で離れて線処理
/p 闇先：MT→6時塔真逆(12時)で受けて離れて線処理
/p 　　　ST：ボス真下(8時寄り)で線処理
/p 【星霊の剣】※先頭で受けた後以降反対側で受ける
/p スタート時(ボス基準)：左下MT組/右下ST組
/p 先頭受け：T→D12→D34→H
/p 【パンドラの櫃】タンクLB3
/p 詠唱バー「パン[ﾀﾝｸLB]ドラの櫃」目安
",p5
fru,ふうcだよ FF14情報サイト - 絶もうひとつの未来（絶エデン）マクロ,https://fuucdayo.com/macro/5618/,,"p1, p2, p3, p4, p5"
