content_id,phase_id,name,url,copyable
ucob,p1,"Last Agous / らすと 軽減表スプレッドシート (絶バハ Patch 7.1 対応, 全Phase)",https://docs.google.com/spreadsheets/d/1pOQ3sMSUQx-E-zFJSFv5BbHIq27tASgH14WhM02k4NI/edit?usp=sharing,true
uwu,p1,"らすと (lastagous) 軽減表スプレッドシート (絶アルテマ Patch 4.31, 全Phase)",https://docs.google.com/spreadsheets/d/1C73RrIVV6sUoTxwUSiifMp_oktkxeOAWn9RbwbVrUOk/edit?usp=sharing,true
tea,p1,"Last Agous / らすと 軽減表スプレッドシート (絶アレキ TEA / patch 7.0 対応, 全Phase)",https://docs.google.com/spreadsheets/d/1B2hdvvofSn2oEKHygcEU7Knsf3bdq93jUIuyQDyhvQ0/edit?usp=sharing,true
p1s,p1,軽減表テンプレ (P1S - パッチ 6.0x 攻略時の野良標準),https://docs.google.com/spreadsheets/d/1pOQ3sMSUQx-E-zFJSFv5BbHIq27tASgH14WhM02k4NI/edit?usp=sharing,true
p2s,p1,軽減表テンプレ (P2S - パッチ 6.0x 攻略時の野良標準),https://docs.google.com/spreadsheets/d/1pOQ3sMSUQx-E-zFJSFv5BbHIq27tASgH14WhM02k4NI/edit?usp=sharing,true
p3s,p1,軽減表テンプレ (P3S - パッチ 6.0x 攻略時の野良標準),https://docs.google.com/spreadsheets/d/1pOQ3sMSUQx-E-zFJSFv5BbHIq27tASgH14WhM02k4NI/edit?usp=sharing,true
p4s,p1,軽減表テンプレ (P4S 前半 - パッチ 6.0x 攻略時の野良標準),https://docs.google.com/spreadsheets/d/1pOQ3sMSUQx-E-zFJSFv5BbHIq27tASgH14WhM02k4NI/edit?usp=sharing,true
p4s,p2,軽減表テンプレ (P4S 後半 - パッチ 6.0x 攻略時の野良標準),https://docs.google.com/spreadsheets/d/1pOQ3sMSUQx-E-zFJSFv5BbHIq27tASgH14WhM02k4NI/edit?usp=sharing,true
dsr,p1,"Last Agous / らすと 軽減表スプレッドシート (Patch 7.1 対応, 全Phase)",https://docs.google.com/spreadsheets/d/1mvMEPv8BkWObs1z37AeOZ41u0dHV5RpA8_Sbzd3x84Y/edit?usp=sharing,true
p5s,p1,Shimaji Row 軽減表 (パンデモニウム煉獄編 零式 全層 スプレッドシート),https://docs.google.com/spreadsheets/d/1bXhAgECunWRkWTn6zt7cxARg41il_wZcTVucgAu01m4/edit?usp=sharing,true
p6s,p1,Shimaji Row 軽減表 (パンデモニウム煉獄編 零式 全層 スプレッドシート),https://docs.google.com/spreadsheets/d/1bXhAgECunWRkWTn6zt7cxARg41il_wZcTVucgAu01m4/edit?usp=sharing,true
p7s,p1,Shimaji Row 軽減表 (パンデモニウム煉獄編 零式 全層 スプレッドシート),https://docs.google.com/spreadsheets/d/1bXhAgECunWRkWTn6zt7cxARg41il_wZcTVucgAu01m4/edit?usp=sharing,true
p8s,p1,Shimaji Row 軽減表 (パンデモニウム煉獄編 零式 全層 スプレッドシート),https://docs.google.com/spreadsheets/d/1bXhAgECunWRkWTn6zt7cxARg41il_wZcTVucgAu01m4/edit?usp=sharing,true
top,p1,"Last Agous / らすと 軽減表スプレッドシート (絶オメガ TOP / patch 7.1 対応, 全Phase)",https://docs.google.com/spreadsheets/d/1G10SCv2lJ-42k0bnTduYnBRnOQ5pj9xLs-qMSqJBYb8/edit?usp=sharing,true
m5s,p1,Last Agous / らすと 軽減表 (アルカディア クルーザー級:零式 [1-4層対応]),https://na.finalfantasyxiv.com/lodestone/character/12440293/blog/5540581/,true
m6s,p1-front,Last Agous / らすと 軽減表 (アルカディア クルーザー級:零式 [1-4層対応]),https://na.finalfantasyxiv.com/lodestone/character/12440293/blog/5540581/,true
m7s,p1,Last Agous / らすと 軽減表 (アルカディア クルーザー級:零式 [1-4層対応]),https://na.finalfantasyxiv.com/lodestone/character/12440293/blog/5540581/,true
m8s,p1,Last Agous / らすと 軽減表 (アルカディア クルーザー級:零式 [1-4層対応]),https://na.finalfantasyxiv.com/lodestone/character/12440293/blog/5540581/,true
m10s,p1-fire,"Last Agous / らすと 軽減表 (アルカディア ヘビー級:零式 / 全層, Patch 7.4 対応)",https://docs.google.com/spreadsheets/d/1mSfKgAq1RwXLG3IdL6tgIk8SHtdtOI1utXQkWr-iOq0/edit?usp=sharing,true
m11s,p1,"Last Agous / らすと 軽減表 (アルカディア ヘビー級:零式 / 全層, Patch 7.4 対応)",https://docs.google.com/spreadsheets/d/1mSfKgAq1RwXLG3IdL6tgIk8SHtdtOI1utXQkWr-iOq0/edit?usp=sharing,true
m12s,p1,"Last Agous / らすと 軽減表 (アルカディア ヘビー級:零式 / 全層, Patch 7.4 対応)",https://docs.google.com/spreadsheets/d/1mSfKgAq1RwXLG3IdL6tgIk8SHtdtOI1utXQkWr-iOq0/edit?usp=sharing,true
m9s,p1,"Last Agous / らすと 軽減表 (アルカディア ヘビー級:零式 / 全層, Patch 7.4 対応)",https://docs.google.com/spreadsheets/d/1mSfKgAq1RwXLG3IdL6tgIk8SHtdtOI1utXQkWr-iOq0/edit?usp=sharing,true
m1s,p1,"Last Agous / らすと 軽減表 (アルカディア ライトヘビー級:零式, Patch 7.05 対応)",https://note.com/lastagous/n/ncfcb027117fd,true
m2s,p1,"Last Agous / らすと 軽減表 (アルカディア ライトヘビー級:零式, Patch 7.05 対応)",https://note.com/lastagous/n/ncfcb027117fd,true
m3s,p1,"Last Agous / らすと 軽減表 (アルカディア ライトヘビー級:零式, Patch 7.05 対応)",https://note.com/lastagous/n/ncfcb027117fd,true
m4s,p1,"Last Agous / らすと 軽減表 (アルカディア ライトヘビー級:零式, Patch 7.05 対応)",https://note.com/lastagous/n/ncfcb027117fd,true
m4s,p2,"Last Agous / らすと 軽減表 (アルカディア ライトヘビー級:零式, Patch 7.05 対応)",https://note.com/lastagous/n/ncfcb027117fd,true
fru,p1,"Last Agous / らすと 軽減表スプレッドシート (Patch 7.11 対応, 全Phase)",https://docs.google.com/spreadsheets/d/1MWvfvf283BAkDjLBXu6wQz7EWbjYrJzAtyKfO5E3k2s/edit?usp=sharing,true
