content_id,phase_id,title,url,author
ucob,p1,FF14 みんとのギミック解説 絶バハムート討滅戦 ツインタニア編,https://www.youtube.com/watch?v=R916Q2iqxew,みんとっと
ucob,p1,絶バハムート討滅戦【ツインタニア編】ギミック解説動画,https://www.youtube.com/watch?v=NdZKovigmyA,
ucob,p1,【FF14/FFXIV】4.xから始める絶バハムート-ツインタニア編-【解説/攻略】,https://www.youtube.com/watch?v=f6VWJGX9nX4,
ucob,p1,FF14 ①絶バハムート ずんだもんと学ぶ ツインタニアフェーズ,https://www.youtube.com/watch?v=daHMd0LEXjM,
ucob,p2,【FF14/FFXIV】4.xから始める絶バハムート-ネール編-【解説/攻略】,https://www.youtube.com/watch?v=qeHvnLCmIn0,
ucob,p2,【FF14】絶バハ ネール 簡易解説【漆黒のヴィランズ】,https://www.youtube.com/watch?v=Ib3go8TsXjY,
ucob,p3,【FF14/FFXIV】4.xから始める絶バハムート-プライム編-【解説/攻略】,https://www.youtube.com/watch?v=9gPviBWwf2g,
ucob,p3,FF14 みんとのギミック解説 絶バハムート討滅戦プライム編 連撃の三重奏,https://www.youtube.com/watch?v=_iwh2HROeDo,みんとっと
ucob,p4,FF14 みんとのギミック解説 絶バハムート討滅戦 完結編,https://www.youtube.com/watch?v=hDQ-5THCc3Y,みんとっと
ucob,p5,FF14 みんとのギミック解説 絶バハムート討滅戦 完結編,https://www.youtube.com/watch?v=hDQ-5THCc3Y,みんとっと
uwu,p1,FF14 みんとのギミック解説 絶アルテマウェポン ガルーダ編(メソハイMTキャス),https://www.youtube.com/watch?v=zZ6qhddIO3I,みんとっと
uwu,p1,FF14 みんとのギミック解説 絶アルテマ破壊作戦 ガルーダ編 MT視点 (メソハイキャスMT),https://www.youtube.com/watch?v=iWQmHY19zt0,みんとっと
uwu,p2,FF14 みんとのギミック解説 絶アルテマウェポン破壊作戦 イフリート編(楔逆Z),https://www.youtube.com/watch?v=LCjYKOImeuM,みんとっと
uwu,p3,FF14 みんとのギミック解説 絶アルテマ破壊作戦 タイタン編,https://www.youtube.com/watch?v=cJaNpDkBwu4,みんとっと
uwu,p3,FF14 みんとのギミック解説 絶アルテマウェポン タイタン＆LB編,https://www.youtube.com/watch?v=2safeyumQ9o,みんとっと
uwu,p4,FF14 みんとのギミック解説 絶アルテマウェポン 追撃の究極幻想,https://www.youtube.com/watch?v=ENn9O274DMw,みんとっと
uwu,p5,FF14 ⑤絶アルテマ きりたんたちと学ぶ アルテマフェーズ(中),https://www.youtube.com/watch?v=fjDJattJTi4,
uwu,p6,FF14 みんとのギミック解説 絶アルテマ破壊作戦 完結編(3111 乱撃インビン),https://www.youtube.com/watch?v=QpuleeUOHh0,みんとっと
uwu,p6,D4特化型 絶アルテマウェポン超絶シンプル破壊大作戦解説,https://www.youtube.com/watch?v=74_JclZrORA,
tea,p1,【FF14/濃厚解説】絶アレキ討滅戦 リキッドセパレ式 サイコロ44と1211【ぬけまる】Re,https://www.youtube.com/watch?v=AMdtMyvbPNs,ぬけまるG
tea,p1,FF14 みんとのギミック解説 絶アレキサンダー討滅戦 リキッド&サイコロ編 (だいたいセパレ 4:4),https://www.youtube.com/watch?v=a_D-UFcMiYU,
tea,p1,FF14 絶アレキ サイコロフェーズ 1211式 イメトレ用 ポイント解説付き,https://www.youtube.com/watch?v=BSTvYXvM1ls,
tea,p1,【絶アレキサンダー】リキッドフェーズ【解説動画】,https://www.youtube.com/watch?v=j8taILNR6-g,
tea,p1,【絶アレキサンダー討滅戦】饅頭でも分かるリビングリキッド徹底解説【ゆっくり実況プレイ/FF14】,https://www.youtube.com/watch?v=o4PCuw7FS70,
tea,p2,【FF14/濃厚解説】絶アレキ討滅戦 2体フェーズ 5ジョブ視点有【ぬけまる】,https://www.youtube.com/watch?v=yuLjtpm2ti8,ぬけまるG
tea,p2,【FF14】2体フェーズ ギミック解説【絶アレキサンダー討滅戦】,https://www.youtube.com/watch?v=xl7jU2EmmaE,
tea,p3,【FF14/濃厚解説】絶アレキ討滅戦 プライムフェーズ ハムカツさん34固定方式 各視点有【ぬけまる】,https://www.youtube.com/watch?v=3wtfeXognIY,ぬけまるG
tea,p4,【FF14/濃厚解説】絶アレキ討滅戦 最終パレキフェーズ【ぬけまる】,https://www.youtube.com/watch?v=9YgDXyUWbiQ,ぬけまるG
tea,p4,【絶アレキ】パーフェクトアレキサンダーフェーズ【解説】,https://www.youtube.com/watch?v=dXZBMPY9gjE,
tea,p4,【FF14/解説】誰でもわかる 最終フェーズ 図解 ゆっくり音声付 絶アレキサンダー討滅戦【再掲載】,https://www.youtube.com/watch?v=XR9IFP647oI,
p1s,p1,ゆっくりと振り返るパンデモニウム辺獄編零式1層,https://www.youtube.com/watch?v=eGJ5eRvRzK8,
p2s,p1,ゆっくりと振り返るパンデモニウム辺獄編零式1層,https://www.youtube.com/watch?v=eGJ5eRvRzK8,
p3s,p1,ゆっくりと振り返るパンデモニウム辺獄編零式1層,https://www.youtube.com/watch?v=eGJ5eRvRzK8,
p4s,p1,ゆっくりと振り返るパンデモニウム辺獄編零式4層(前半),https://www.youtube.com/watch?v=AH0mRxuJx7c,
p4s,p2,ゆっくりと振り返るパンデモニウム辺獄編零式4層(後半),https://www.youtube.com/watch?v=GYCDnITC_jc,
dsr,p1,【絶竜詩戦争】文字を読みたくない人のための教皇庁① (P1解説),https://www.youtube.com/watch?v=Xd9DQojqmWA,
dsr,p1,【FF14/絶】絶竜詩戦争 攻略配信 Day 1【ぬけまる】,https://www.youtube.com/watch?v=knE5LqufEW8,ぬけまるG
dsr,p2,【絶竜詩戦争】文字を読みたくない人のためのトールダンフェーズ,https://www.youtube.com/watch?v=mxeQNCgHI7Y,
dsr,p3,【FF14/絶解説】絶竜詩戦争 ニーズフェーズ図解解説 ジャンプ全パターン視点あり【ぬけまる】,https://www.youtube.com/watch?v=mxeQNCgHI7Y,ぬけまるG
dsr,p3,【絶竜詩戦争】文字を読みたくない人のためのニーズヘッグフェーズ前半【解説】,https://www.youtube.com/watch?v=Xd9DQojqmWA,
dsr,p4,【絶竜詩戦争】邪眼フェーズ解説（要調査）,https://www.youtube.com/@nukemarugames/videos,ぬけまるG
dsr,p5,【FF14/絶解説】こまぞう式改 死刻 絶竜詩 アニメーション解説【ぬけまる】,https://www.youtube.com/watch?v=NIroKcIHpnI,ぬけまるG
dsr,p5,【FF14/絶解説】絶竜詩戦争 いいところ取り死刻+α アニメーション解説【ぬけまる】,https://www.youtube.com/watch?v=TBt_AgoHn80,ぬけまるG
dsr,p6,【FF14/絶解説】絶竜詩戦争 2天竜フェーズ 図解解説【ぬけまる】,https://www.youtube.com/watch?v=3yJpWHmKjpg,ぬけまるG
dsr,p7,【FF14/絶解説】絶竜詩戦争 最終フェーズ 図解解説 軽減例付き 忍暗白視点【ぬけまる】,https://www.youtube.com/watch?v=1fsbzkZsWUE,ぬけまるG
dsr,p7,【絶竜詩戦争】文字を読みたくない人のための騎竜神トールダン【解説】,https://www.youtube.com/watch?v=pRkdxw9YOLo,
p5s,p1,【 FF14 / 煉獄零式解説 】煉獄編 零式 1層 さらっと解説 概要欄にマクロあります【ぬけまる】,https://www.youtube.com/watch?v=GRrZvJT1fXM,ぬけまるG
p5s,p1,【 FF14 】速報版 パンデモニウム 煉獄編 零式1層 解説動画 【 犬丸のぞみ 】,https://www.youtube.com/watch?v=W7nJ5q8cU7w,犬丸のぞみ
p6s,p1,【 FF14 / 煉獄零式解説 】煉獄編 零式 2層 さらっと解説【ぬけまる】,https://www.youtube.com/watch?v=pibChZ8AjZ8,ぬけまるG
p6s,p1,【 FF14 】速報版 パンデモニウム 煉獄編 零式2層 解説動画 【 犬丸のぞみ 】,https://www.youtube.com/watch?v=0DOhkqfDELw,犬丸のぞみ
p7s,p1,【 FF14 / 煉獄零式解説 】煉獄編 零式 ３層 獄八凶無敵乱犬丸 主流図解解説【ぬけまる】,https://www.youtube.com/watch?v=iaxDpAfkTIA,ぬけまるG
p7s,p1,主流まとめ解説 ハピおじ ほララ 辺獄無敵 零式3層をアニメーションで理解する動画【 ぬけまる 】最新版,https://www.youtube.com/watch?v=31_2BeHgSwQ,ぬけまるG
p7s,p1,生命の繁茂【凶】 無敵式 解説動画!! 【煉獄編零式3層】【賢者視点】【FF14】,https://www.youtube.com/watch?v=ltw49krh4JI,
p8s,p1,【 FF14 / 煉獄零式解説 】概要欄に最新版のアニメーション版があります。煉獄編 零式 4層 前半 さらっと解説Re:【ぬけまる】,https://www.youtube.com/watch?v=tY6c1yXCe18,ぬけまるG
p8s,p1,ゆっくりと振り返るパンデモニウム煉獄編零式4層前半,https://www.youtube.com/watch?v=MNKL9NqluRI,
p8s,p1,煉獄編零式4層前半ヘファイストス 賢者視点解説動画 【FF14】,https://www.youtube.com/watch?v=CdOhzb7EUqs,
p8s,p2,【 FF14 / 煉獄零式解説 】最新版が概要欄にあります。煉獄編 零式 4層 後半 軽減例付き アニメーション解説【ぬけまる】:Re,https://www.youtube.com/watch?v=RaLfkv-B2Zg,ぬけまるG
p8s,p2,【 FF14 / 補足解説 】はいじあ式 煉獄編 4層後半 万象灰燼 解説【ぬけまる】,https://www.youtube.com/watch?v=8kdGUhXYBJI,ぬけまるG
p8s,p2,煉獄編 零式 4層後半 初回クリア動画 学者視点【ぬけまる】,https://www.youtube.com/watch?v=ttwdLF9di10,ぬけまるG
p8s,p2,【 FF14 】※概要欄に補足動画あり パンデモニウム 煉獄零式 4層後半 解説動画 【 犬丸のぞみ / inumaru 】,https://www.youtube.com/watch?v=Umwojv_T5yc,犬丸のぞみ
top,p1,【FF14/絶解説】絶オメガフェーズ1 さらっとアニメーション解説【ぬけまる】修正,https://www.youtube.com/watch?v=vcQizvMjSio,ぬけまるG
top,p1,【FF14】パントクラトル 完全解説【絶オメガ検証戦 フェーズ１】,https://www.youtube.com/watch?v=3Xa4Sdc76KA,
top,p1,【FF14/イメトレ用】絶オメガ パンクライメトレまとめ,https://www.youtube.com/watch?v=5okMJ8LzxlE,ぬけまるG
top,p1,【FF14/イメトレ用】絶オメガ サークルプログラムイメトレまとめ,https://www.youtube.com/watch?v=J0uBb7Xe9oQ,ぬけまるG
top,p1,【絶オメガ】文字を読みたくない人のための絶オメガＰ１【解説】,https://www.youtube.com/watch?v=GABEtFVcn58,
top,p2,【FF14/絶解説】絶オメガフェーズ P2さらっと図解解説【ぬけまる】,https://www.youtube.com/watch?v=bDXXSksWPQo,ぬけまるG
top,p3,【FF14/絶解説】絶オメガP3 ハロワ検知 アニメーション解説 The Omega Protocol P3【ぬけまる】,https://www.youtube.com/watch?v=mj1a2G2TBgk,ぬけまるG
top,p3,【絶オメガ/イメトレ】P3 検知式波動砲 十字式イメトレ【ぬけまる】,https://www.youtube.com/watch?v=eUPGkeg6qCU,ぬけまるG
top,p3,【絶オメガ】文字を読みたくない人のための絶オメガＰ３【解説】,https://www.youtube.com/watch?v=9dyL-nSOJuA,
top,p4,【FF14/絶解説】絶オメガP4 ブルースクリーン解説 The Omega Protocol P4【ぬけまる】,https://www.youtube.com/watch?v=ayGtjf0__0k,ぬけまるG
top,p4,【絶オメガ】ブルースクリーンをひたすら見る動画【P4】,https://www.youtube.com/watch?v=rPa6ei-fgJs,ぬけまるG
top,p5,【FF14/絶解説】絶オメガP5 コード:＊＊＊ミ＊【デルタ】 アニメーション解説 The Omega Protocol P5【ぬけまる】,https://www.youtube.com/watch?v=vg_AEbdn2zM,ぬけまるG
top,p5,【FF14/絶解説】絶オメガP5 コード:＊＊＊ミ＊【シグマ】注意点追加版 アニメーション解説 The Omega Protocol P5【ぬけまる】,https://www.youtube.com/watch?v=3x-_d8RZJXE,ぬけまるG
top,p5,【FF14/絶解説】絶オメガP5 コード:＊＊＊ミ＊【オメガ】 アニメーション解説 The Omega Protocol P5-3【ぬけまる】修正版,https://www.youtube.com/watch?v=6LIXoAk7wrI,ぬけまるG
top,p5,【FF14】絶オメガ検証戦 ランデュナミス解説 フェーズ5 (さらちゃんのつぶやき),https://sarachantubuyaki.jp/finalfantasyxiv/run-dynamis/,
top,p5,【絶オメガ】文字を読みたくない人のためのP5オメガ【解説】,https://www.youtube.com/watch?v=316MZKSBXdc,
top,p6,【FF14/絶解説】絶オメガ最終P6 アルファオメガ 軽減付アニメーション解説 The Omega Protocol P6【ぬけまる】最新,https://www.youtube.com/watch?v=2u_I9zYh2j4,ぬけまるG
p10s,p1,【FF14】解説 天獄編零式2層 犬丸改FFO式,https://www.youtube.com/watch?v=B0cH0HmcPk4,犬丸
p11s,p1,【FF14】解説 天獄編零式3層 アニメーション解説 Zizie式マクロ有り【ぬけまる】,https://www.youtube.com/watch?v=AsS4R1qYbGM,ぬけまるG
p11s,p1,【FF14】パンデモニウム天獄編零式3層【解説】修正版,https://www.youtube.com/watch?v=-EM-XR6qocU,
p12s,p1,【FF14】解説 天獄編零式4層前半 ぬけまる式,https://www.youtube.com/watch?v=rgqmXnsPsAc,ぬけまるG
p12s,p2,【FF14】解説 天獄編零式4層後半 ぬけまる式 (パラスレイX処理),https://www.youtube.com/watch?v=9jE9zWeWkAg,
p9s,p1,【FF14】解説 天獄編零式1層 無職マラソン式【ぬけまる】,https://www.youtube.com/watch?v=rnKHQtYCuAk,ぬけまるG
m5s,p1,【FF14】クルーザー級零式1層 攻略解説【ぬけまる】,https://www.youtube.com/watch?v=s5CACs9ey9o,ぬけまるG
m6s,p1-front,世界一わかりやすいアルカディア零式クルーザー級2層解説【game8準拠】【FF14黄金】,https://www.youtube.com/watch?v=RWt1GQzv-fU,
m7s,p1,【FF14/解説】さり式 クルーザー級零式 3層解説 GAME8準拠【ぬけまる】(M7S),https://www.youtube.com/watch?v=EvPn0UHMevk,ぬけまるG
m8s,p1,【FF14/解説】GAME8準拠 クルーザー級 4層 前半 解説 マクロ有【ぬけまる】(M8S-1),https://www.youtube.com/watch?v=Pqxs9VBKn74,ぬけまるG
m8s,p2,【FF14】クルーザー級零式 4層後半 攻略解説【ぬけまる】(M8S Part 2),https://www.youtube.com/@nukemarugames/videos,ぬけまるG
m10s,p1-fire,【FF14】ヘビー級零式2層 攻略解説 (家無しララ様),https://www.youtube.com/watch?v=PvWR-ARutLU,家無しララ
m10s,p1-fire,【FF14】ヘビー級零式2層 攻略解説 (犬丸様),https://www.youtube.com/watch?v=B0cH0HmcPk4,犬丸
m11s,p1,【FF14】ヘビー級零式3層 攻略解説【ぬけまる】,https://www.youtube.com/watch?v=9fMy4yJRNTM,ぬけまるG
m12s,p1,【FF14】ほぼイディル式 アルカディア：ヘビー級 零式 4層前半 攻略解説 M12S Part1 Guide【ぬけまる】,https://www.youtube.com/watch?v=Tmfv_bbDqQ8,ぬけまるG
m12s,p2,【FF14】最新修正版 アルカディア：ヘビー級 零式 4層後半 攻略解説 M12S Part 2 Guide【ぬけまる】,https://www.youtube.com/watch?v=YXxp8nrRw3o,ぬけまるG
m12s,p2,【FF14/イメトレ用】アルカディアンドリームをいくつか見る動画 (ヘビー級 零式 4層後半) M12S part2 Image training【ぬけまる】,https://www.youtube.com/watch?v=lF8RJ97UWeo,ぬけまるG
m12s,p2,【FF14】アルカディア：ヘビー級 零式 4層後半 攻略解説 M12S Part2 Guide【ぬけまる】(初版),https://www.youtube.com/watch?v=Fl1nPBxcPpM,ぬけまるG
m9s,p1,【FF14】ヘビー級零式1層 攻略解説【ぬけまる】,https://www.youtube.com/watch?v=m4_8a0N8GcM,ぬけまるG
m9s,p1,【FF14】アルカディア零式ヘビー級１層 世界一わかりやすい解説【game8対応】,https://www.youtube.com/watch?v=S_bhkYVN5Yk,
m1s,p1,【FF14】アルカディア零式：ライトヘビー級1層 攻略解説【犬丸】,https://www.youtube.com/watch?v=S1SBXo9tLfo,犬丸
m1s,p1,【FF14】アルカディア零式：ライトヘビー級1層 攻略解説【ゴールデンたけし】,https://www.youtube.com/watch?v=9dCWOvx9Mqw,ゴールデンたけし
m1s,p1,【FF14】アルカディア零式ライトヘビー級１層【解説】,https://www.youtube.com/watch?v=zNQCr7QBUEw,
m1s,p1,【 FF14 / 解説 】アルカディア零式：ライトヘビー級零式1 マクロ,https://nukemarugames.com/2024/07/31/%E3%80%90-ff14-%E8%A7%A3%E8%AA%AC-%E3%80%91%E3%82%A2%E3%83%AB%E3%82%AB%E3%83%87%E3%82%A3%E3%82%A2%E9%9B%B6%E5%BC%8F%EF%BC%9A%E3%83%A9%E3%82%A4%E3%83%88%E3%83%98%E3%83%93%E3%83%BC%E7%B4%9A%E9%9B%B6-2/,ぬけまるG
m2s,p1,【FF14】アルカディア零式：ライトヘビー級2層 攻略解説【ぬけまる】,https://www.youtube.com/watch?v=p9tE-x0XEC4,ぬけまるG
m2s,p1,【 FF14 / 解説 】アルカディア零式：ライトヘビー級零式2 マクロ,https://nukemarugames.com/2024/07/31/%E3%80%90-ff14-%E8%A7%A3%E8%AA%AC-%E3%80%91%E3%82%A2%E3%83%AB%E3%82%AB%E3%83%87%E3%82%A3%E3%82%A2%E9%9B%B6%E5%BC%8F%EF%BC%9A%E3%83%A9%E3%82%A4%E3%83%88%E3%83%98%E3%83%93%E3%83%BC%E7%B4%9A%E9%9B%B6/,ぬけまるG
m3s,p1,【FF14】アルカディア零式：ライトヘビー級3層 攻略解説【ぬけまる】,https://www.youtube.com/watch?v=zZDu5NY7DIo,ぬけまるG
m3s,p1,【 FF14 / 解説 】アルカディア零式：ライトヘビー級零式3 マクロ,https://nukemarugames.com/2024/08/01/%E3%80%90-ff14-%E8%A7%A3%E8%AA%AC-%E3%80%91%E3%82%A2%E3%83%AB%E3%82%AB%E3%83%87%E3%82%A3%E3%82%A2%E9%9B%B6%E5%BC%8F%EF%BC%9A%E3%83%A9%E3%82%A4%E3%83%88%E3%83%98%E3%83%93%E3%83%BC%E7%B4%9A%E9%9B%B6-3/,ぬけまるG
m4s,p1,"【 FF14 /Game8準拠解説】DN式円輪,輪円+くうや アルカディア零式：ライトヘビー級4前半解説 マクロ有【ぬけまる】最終改定 M4S",https://www.youtube.com/watch?v=gl4BNKLr3rk,ぬけまるG
m4s,p1,【FF14】アルカディア零式ライトヘビー級４層前半【解説】,https://www.youtube.com/watch?v=zEvghGfSkVM,
m4s,p2,【FF14】アルカディア零式ライトヘビー級4層後半 攻略解説【ぬけまる】,https://www.youtube.com/watch?v=YXxp8nrRw3o,ぬけまるG
m4s,p2,【FF14】後世のためにライトヘビー級4層零式の”正解”を書き記す【LH4層零式】,https://note.com/mokatamk/n/n92368fe90e97,Mokatamk
fru,p1,【FF14/絶エデン】フェーズ1野良主流簡易解説(優先HTD/STD4入替/塔キャス固定)【絶もうひとつの未来】,https://www.youtube.com/watch?v=0HDstP0aU_Y,
fru,p1,【絶エデン】P1通しでひたすら見る動画 新リリドぬけまる【FF14 絶もうひとつの未来】,https://www.youtube.com/watch?v=Ws3p-stlYuY,ぬけまるG
fru,p1,【絶エデン】P1楽園絶技ひたすら見る動画 新リリドぬけまる【FF14 絶もうひとつの未来】,https://www.youtube.com/watch?v=boAVFc9chKU,ぬけまるG
fru,p1,「P1フェイトブレイカーの解説動画」by Lucrezia (X投稿),https://x.com/TeamLucrezia/status/1861426186238468427,Lucrezia (TeamLucrezia)
fru,p2,【絶エデン】P2光の暴走ひたすら見る動画 新リリドぬけまる【FF14 絶もうひとつの未来】,https://www.youtube.com/watch?v=S_M1xdQMVng,ぬけまるG
fru,p3,【FF14/絶エデン解説】P3-1 時間圧縮・絶 解説 絶もうひとつの未来【ぬけまる】,https://www.youtube.com/watch?v=oKSHteslL2w,ぬけまるG
fru,p3,【FF14/絶エデン解説】P3-2 アポカリ解説 安置基準&アポカリ基準 絶もうひとつの未来【ぬけまる】,https://www.youtube.com/watch?v=4gWtS7GWiFQ,ぬけまるG
fru,p3,【絶エデン】P3アポカリひたすら見る動画 新リリドぬけまるアポカリ基準【FF14 絶もうひとつの未来】,https://www.youtube.com/watch?v=5B-ZDg1K9J4,ぬけまるG
fru,p3,【FF14/絶PHイメトレ用】絶エデン アポカリプスを繰り返し見る動画 PH視点【ぬけまる】,https://www.youtube.com/watch?v=Bf6X88gX_V4,ぬけまるG
fru,p4,【FF14/絶エデン】P4 2体フェーズ解説 絶もうひとつの未来 Futures Rewritten (ULTIMATE)【ぬけまる】,https://www.youtube.com/watch?v=nX2kfaMnCiU,ぬけまるG
fru,p4,「P4後半 時間結晶の解説動画」by Lucrezia (X投稿),https://x.com/TeamLucrezia/status/1862906044655312937,Lucrezia (TeamLucrezia)
fru,p5,【FF14/絶エデン解説】P5(最終) パンドラ・ミトロン ギミック解説 絶もうひとつの未来【ぬけまる】,https://www.youtube.com/watch?v=nzpOdfOyUNo,ぬけまるG
fru,p5,【FF14】絶もうひとつの未来最速攻略ガイド！絶エデンのギミック分析＆攻略短縮のコツを徹底解説【patch7.18】,https://www.youtube.com/watch?v=TFmeQMKxcjU,
